Operational Market,Operational,Submarket,Managing Entity,Reporting Pod,Pod Name,PCP,Member Name,Member ID,RAF,PDC,Risk Score,Total Cost,Quality Gaps,ED Visits
Tennessee,Operations North,Chattanooga,TE Managed Group A,Reporting Pod 1,Chattanooga Pod 1,Dr. Rivera 1,Blake Brooks,DEMO-000001,1.19,0.555,0.324,2472.9,1,0
Tennessee,Operations North,Chattanooga,TE Managed Group A,Reporting Pod 1,Chattanooga Pod 1,Dr. Rivera 1,Morgan Ali,DEMO-000002,0.95,0.691,0.353,7496.94,3,1
Tennessee,Operations North,Chattanooga,TE Managed Group A,Reporting Pod 1,Chattanooga Pod 1,Dr. Rivera 1,Emerson Carter,DEMO-000003,1.0,0.876,0.264,22100.38,0,0
Tennessee,Operations North,Chattanooga,TE Managed Group A,Reporting Pod 1,Chattanooga Pod 1,Dr. Rivera 1,Riley Wright,DEMO-000004,1.62,0.829,0.663,12249.89,3,0
Tennessee,Operations North,Chattanooga,TE Managed Group A,Reporting Pod 1,Chattanooga Pod 1,Dr. Rivera 1,Riley Kim,DEMO-000005,1.15,0.598,0.436,5122.3,1,0
Tennessee,Operations North,Chattanooga,TE Managed Group A,Reporting Pod 1,Chattanooga Pod 1,Dr. Rivera 1,Quinn Shah,DEMO-000006,1.59,0.839,0.567,11109.43,0,0
Tennessee,Operations North,Chattanooga,TE Managed Group A,Reporting Pod 1,Chattanooga Pod 1,Dr. Rivera 1,Taylor Chen,DEMO-000007,1.5,0.84,0.5,7278.33,3,0
Tennessee,Operations North,Chattanooga,TE Managed Group A,Reporting Pod 1,Chattanooga Pod 1,Dr. Rivera 1,Riley Morales,DEMO-000008,1.42,0.718,0.477,6568.62,2,0
Tennessee,Operations North,Chattanooga,TE Managed Group A,Reporting Pod 1,Chattanooga Pod 1,Dr. Rivera 1,Drew Morales,DEMO-000009,0.96,0.882,0.212,2925.29,3,0
Tennessee,Operations North,Chattanooga,TE Managed Group A,Reporting Pod 1,Chattanooga Pod 1,Dr. Kim 2,Jordan Bennett,DEMO-000010,1.04,0.79,0.582,4815.56,3,1
Tennessee,Operations North,Chattanooga,TE Managed Group A,Reporting Pod 1,Chattanooga Pod 1,Dr. Kim 2,Parker Cooper,DEMO-000011,0.79,0.869,0.249,14053.19,0,0
Tennessee,Operations North,Chattanooga,TE Managed Group A,Reporting Pod 1,Chattanooga Pod 1,Dr. Kim 2,Rowan Ali,DEMO-000012,1.21,0.708,0.16,6194.31,1,0
Tennessee,Operations North,Chattanooga,TE Managed Group A,Reporting Pod 1,Chattanooga Pod 1,Dr. Kim 2,Parker Turner,DEMO-000013,1.21,0.773,0.093,4372.28,1,0
Tennessee,Operations North,Chattanooga,TE Managed Group A,Reporting Pod 1,Chattanooga Pod 1,Dr. Kim 2,Riley Rivera,DEMO-000014,0.96,0.839,0.252,10301.94,0,0
Tennessee,Operations North,Chattanooga,TE Managed Group A,Reporting Pod 1,Chattanooga Pod 1,Dr. Kim 2,Harper Rivera,DEMO-000015,1.35,0.884,0.566,8979.19,2,0
Tennessee,Operations North,Chattanooga,TE Managed Group A,Reporting Pod 1,Chattanooga Pod 1,Dr. Kim 2,Taylor Carter,DEMO-000016,1.25,0.839,0.08,5707.25,1,0
Tennessee,Operations North,Chattanooga,TE Managed Group A,Reporting Pod 1,Chattanooga Pod 1,Dr. Kim 2,Drew Chen,DEMO-000017,1.53,0.94,0.762,25081.24,1,0
Tennessee,Operations North,Chattanooga,TE Managed Group A,Reporting Pod 1,Chattanooga Pod 1,Dr. Kim 2,Avery Wright,DEMO-000018,1.44,0.8,0.255,6791.85,0,0
Tennessee,Operations North,Chattanooga,TE Managed Group A,Reporting Pod 1,Chattanooga Pod 2,Dr. Hughes 1,Taylor Kim,DEMO-000019,1.03,0.724,0.542,12443.17,0,1
Tennessee,Operations North,Chattanooga,TE Managed Group A,Reporting Pod 1,Chattanooga Pod 2,Dr. Hughes 1,Blake Kim,DEMO-000020,1.03,0.802,0.251,3457.89,1,0
Tennessee,Operations North,Chattanooga,TE Managed Group A,Reporting Pod 1,Chattanooga Pod 2,Dr. Hughes 1,Alex Kim,DEMO-000021,0.91,0.792,0.216,2041.85,0,1
Tennessee,Operations North,Chattanooga,TE Managed Group A,Reporting Pod 1,Chattanooga Pod 2,Dr. Hughes 1,Harper Patel,DEMO-000022,0.73,1.0,0.106,3431.35,2,0
Tennessee,Operations North,Chattanooga,TE Managed Group A,Reporting Pod 1,Chattanooga Pod 2,Dr. Hughes 1,Emerson Hughes,DEMO-000023,1.34,0.811,0.058,5817.93,0,1
Tennessee,Operations North,Chattanooga,TE Managed Group A,Reporting Pod 1,Chattanooga Pod 2,Dr. Hughes 1,Blake Carter,DEMO-000024,1.19,0.739,0.507,7759.72,2,0
Tennessee,Operations North,Chattanooga,TE Managed Group A,Reporting Pod 1,Chattanooga Pod 2,Dr. Hughes 1,Avery Carter,DEMO-000025,1.55,1.0,0.325,22488.51,1,0
Tennessee,Operations North,Chattanooga,TE Managed Group A,Reporting Pod 1,Chattanooga Pod 2,Dr. Hughes 1,Kai Foster,DEMO-000026,1.12,0.613,0.161,9242.46,3,0
Tennessee,Operations North,Chattanooga,TE Managed Group A,Reporting Pod 1,Chattanooga Pod 2,Dr. Hughes 1,Taylor Brooks,DEMO-000027,1.1,0.804,0.187,5792.12,0,0
Tennessee,Operations North,Chattanooga,TE Managed Group A,Reporting Pod 1,Chattanooga Pod 2,Dr. Patel 2,Rowan Turner,DEMO-000028,1.25,0.765,0.513,3381.22,3,1
Tennessee,Operations North,Chattanooga,TE Managed Group A,Reporting Pod 1,Chattanooga Pod 2,Dr. Patel 2,Reese Bennett,DEMO-000029,1.51,0.906,0.489,3057.21,1,0
Tennessee,Operations North,Chattanooga,TE Managed Group A,Reporting Pod 1,Chattanooga Pod 2,Dr. Patel 2,Avery Kim,DEMO-000030,2.01,0.56,0.828,6157.14,4,1
Tennessee,Operations North,Chattanooga,TE Managed Group A,Reporting Pod 1,Chattanooga Pod 2,Dr. Patel 2,Casey Kim,DEMO-000031,2.07,0.716,0.862,11599.44,2,0
Tennessee,Operations North,Chattanooga,TE Managed Group A,Reporting Pod 1,Chattanooga Pod 2,Dr. Patel 2,Harper Carter,DEMO-000032,1.39,0.912,0.508,7768.56,1,0
Tennessee,Operations North,Chattanooga,TE Managed Group A,Reporting Pod 1,Chattanooga Pod 2,Dr. Patel 2,Alex Ali,DEMO-000033,1.2,0.951,0.589,4393.76,2,2
Tennessee,Operations North,Chattanooga,TE Managed Group A,Reporting Pod 1,Chattanooga Pod 2,Dr. Patel 2,Avery Morales,DEMO-000034,2.03,0.64,0.898,9782.84,3,2
Tennessee,Operations North,Chattanooga,TE Managed Group A,Reporting Pod 1,Chattanooga Pod 2,Dr. Patel 2,Riley Patel,DEMO-000035,1.24,0.743,0.216,5780.88,1,0
Tennessee,Operations North,Chattanooga,TE Managed Group A,Reporting Pod 1,Chattanooga Pod 2,Dr. Patel 2,Parker Chen,DEMO-000036,1.49,0.75,0.452,5914.5,2,0
Tennessee,Operations North,Chattanooga,TE Managed Group A,Reporting Pod 2,Chattanooga Pod 1,Dr. Morales 1,Blake Santos,DEMO-000037,1.62,0.955,0.459,6139.29,2,0
Tennessee,Operations North,Chattanooga,TE Managed Group A,Reporting Pod 2,Chattanooga Pod 1,Dr. Morales 1,Quinn Kim,DEMO-000038,1.12,0.891,0.16,2569.28,2,0
Tennessee,Operations North,Chattanooga,TE Managed Group A,Reporting Pod 2,Chattanooga Pod 1,Dr. Morales 1,Taylor Bennett,DEMO-000039,1.33,0.883,0.155,6370.05,0,0
Tennessee,Operations North,Chattanooga,TE Managed Group A,Reporting Pod 2,Chattanooga Pod 1,Dr. Morales 1,Reese Morales,DEMO-000040,1.62,0.865,0.266,19546.65,0,0
Tennessee,Operations North,Chattanooga,TE Managed Group A,Reporting Pod 2,Chattanooga Pod 1,Dr. Morales 1,Emerson Rivera,DEMO-000041,0.55,0.719,0.225,1894.18,0,0
Tennessee,Operations North,Chattanooga,TE Managed Group A,Reporting Pod 2,Chattanooga Pod 1,Dr. Morales 1,Harper Wright,DEMO-000042,1.62,0.671,0.766,6824.02,3,0
Tennessee,Operations North,Chattanooga,TE Managed Group A,Reporting Pod 2,Chattanooga Pod 1,Dr. Morales 1,Taylor Brooks,DEMO-000043,1.02,0.789,0.389,5434.72,1,0
Tennessee,Operations North,Chattanooga,TE Managed Group A,Reporting Pod 2,Chattanooga Pod 1,Dr. Morales 1,Taylor Chen,DEMO-000044,1.49,0.848,0.424,5109.94,1,1
Tennessee,Operations North,Chattanooga,TE Managed Group A,Reporting Pod 2,Chattanooga Pod 1,Dr. Morales 1,Emerson Wright,DEMO-000045,1.65,0.66,0.732,38527.72,3,0
Tennessee,Operations North,Chattanooga,TE Managed Group A,Reporting Pod 2,Chattanooga Pod 1,Dr. Carter 2,Harper Brooks,DEMO-000046,0.99,0.91,0.406,17745.58,2,0
Tennessee,Operations North,Chattanooga,TE Managed Group A,Reporting Pod 2,Chattanooga Pod 1,Dr. Carter 2,Alex Patel,DEMO-000047,1.26,0.718,0.553,3753.91,0,0
Tennessee,Operations North,Chattanooga,TE Managed Group A,Reporting Pod 2,Chattanooga Pod 1,Dr. Carter 2,Drew Carter,DEMO-000048,1.56,0.521,0.683,4487.2,3,0
Tennessee,Operations North,Chattanooga,TE Managed Group A,Reporting Pod 2,Chattanooga Pod 1,Dr. Carter 2,Kai Brooks,DEMO-000049,1.15,1.0,0.401,5789.68,2,0
Tennessee,Operations North,Chattanooga,TE Managed Group A,Reporting Pod 2,Chattanooga Pod 1,Dr. Carter 2,Kai Cooper,DEMO-000050,1.21,0.735,0.187,9268.59,0,0
Tennessee,Operations North,Chattanooga,TE Managed Group A,Reporting Pod 2,Chattanooga Pod 1,Dr. Carter 2,Alex Cooper,DEMO-000051,0.87,0.676,0.404,6952.82,2,1
Tennessee,Operations North,Chattanooga,TE Managed Group A,Reporting Pod 2,Chattanooga Pod 1,Dr. Carter 2,Blake Santos,DEMO-000052,1.14,0.671,0.24,3125.81,2,0
Tennessee,Operations North,Chattanooga,TE Managed Group A,Reporting Pod 2,Chattanooga Pod 1,Dr. Carter 2,Riley Turner,DEMO-000053,1.37,0.711,0.48,11075.52,3,2
Tennessee,Operations North,Chattanooga,TE Managed Group A,Reporting Pod 2,Chattanooga Pod 1,Dr. Carter 2,Emerson Patel,DEMO-000054,1.31,0.83,0.37,2369.84,3,0
Tennessee,Operations North,Chattanooga,TE Managed Group A,Reporting Pod 2,Chattanooga Pod 2,Dr. Shah 1,Taylor Chen,DEMO-000055,0.99,0.882,0.26,3870.91,1,0
Tennessee,Operations North,Chattanooga,TE Managed Group A,Reporting Pod 2,Chattanooga Pod 2,Dr. Shah 1,Alex Carter,DEMO-000056,1.43,0.661,0.902,8086.65,0,3
Tennessee,Operations North,Chattanooga,TE Managed Group A,Reporting Pod 2,Chattanooga Pod 2,Dr. Shah 1,Morgan Carter,DEMO-000057,1.12,0.659,0.242,1752.79,2,0
Tennessee,Operations North,Chattanooga,TE Managed Group A,Reporting Pod 2,Chattanooga Pod 2,Dr. Shah 1,Quinn Cooper,DEMO-000058,0.99,0.915,0.591,5778.81,2,0
Tennessee,Operations North,Chattanooga,TE Managed Group A,Reporting Pod 2,Chattanooga Pod 2,Dr. Shah 1,Parker Carter,DEMO-000059,0.81,0.944,0.147,5970.41,0,0
Tennessee,Operations North,Chattanooga,TE Managed Group A,Reporting Pod 2,Chattanooga Pod 2,Dr. Shah 1,Jordan Turner,DEMO-000060,1.78,0.853,0.647,11206.85,4,0
Tennessee,Operations North,Chattanooga,TE Managed Group A,Reporting Pod 2,Chattanooga Pod 2,Dr. Shah 1,Avery Patel,DEMO-000061,0.88,0.946,0.253,1259.46,0,0
Tennessee,Operations North,Chattanooga,TE Managed Group A,Reporting Pod 2,Chattanooga Pod 2,Dr. Shah 1,Reese Morales,DEMO-000062,1.24,0.711,0.133,4765.23,1,0
Tennessee,Operations North,Chattanooga,TE Managed Group A,Reporting Pod 2,Chattanooga Pod 2,Dr. Shah 1,Harper Foster,DEMO-000063,0.91,0.796,0.381,5260.43,1,1
Tennessee,Operations North,Chattanooga,TE Managed Group A,Reporting Pod 2,Chattanooga Pod 2,Dr. Brooks 2,Rowan Brooks,DEMO-000064,1.76,0.916,0.757,9795.06,0,1
Tennessee,Operations North,Chattanooga,TE Managed Group A,Reporting Pod 2,Chattanooga Pod 2,Dr. Brooks 2,Morgan Bennett,DEMO-000065,0.84,0.892,0.418,10494.55,1,0
Tennessee,Operations North,Chattanooga,TE Managed Group A,Reporting Pod 2,Chattanooga Pod 2,Dr. Brooks 2,Riley Cooper,DEMO-000066,0.68,0.927,0.055,3648.87,0,0
Tennessee,Operations North,Chattanooga,TE Managed Group A,Reporting Pod 2,Chattanooga Pod 2,Dr. Brooks 2,Blake Rivera,DEMO-000067,1.42,0.845,0.434,14180.15,1,0
Tennessee,Operations North,Chattanooga,TE Managed Group A,Reporting Pod 2,Chattanooga Pod 2,Dr. Brooks 2,Casey Hughes,DEMO-000068,1.46,0.985,0.577,17064.32,1,1
Tennessee,Operations North,Chattanooga,TE Managed Group A,Reporting Pod 2,Chattanooga Pod 2,Dr. Brooks 2,Jordan Morales,DEMO-000069,1.21,1.0,0.381,10782.36,3,0
Tennessee,Operations North,Chattanooga,TE Managed Group A,Reporting Pod 2,Chattanooga Pod 2,Dr. Brooks 2,Kai Bennett,DEMO-000070,1.24,0.828,0.135,9461.0,1,0
Tennessee,Operations North,Chattanooga,TE Managed Group A,Reporting Pod 2,Chattanooga Pod 2,Dr. Brooks 2,Avery Foster,DEMO-000071,1.03,0.8,0.278,2473.34,1,0
Tennessee,Operations North,Chattanooga,TE Managed Group A,Reporting Pod 2,Chattanooga Pod 2,Dr. Brooks 2,Alex Patel,DEMO-000072,0.8,0.855,0.246,6465.78,0,2
Tennessee,Operations North,Chattanooga,TE Managed Group B,Reporting Pod 1,Chattanooga Pod 1,Dr. Turner 1,Rowan Kim,DEMO-000073,0.3,0.843,0.06,10270.76,1,1
Tennessee,Operations North,Chattanooga,TE Managed Group B,Reporting Pod 1,Chattanooga Pod 1,Dr. Turner 1,Alex Carter,DEMO-000074,0.97,0.804,0.119,16877.22,2,0
Tennessee,Operations North,Chattanooga,TE Managed Group B,Reporting Pod 1,Chattanooga Pod 1,Dr. Turner 1,Quinn Hughes,DEMO-000075,1.22,0.734,0.381,10884.77,1,0
Tennessee,Operations North,Chattanooga,TE Managed Group B,Reporting Pod 1,Chattanooga Pod 1,Dr. Turner 1,Rowan Morales,DEMO-000076,0.71,0.741,0.206,9000.39,1,0
Tennessee,Operations North,Chattanooga,TE Managed Group B,Reporting Pod 1,Chattanooga Pod 1,Dr. Turner 1,Taylor Hughes,DEMO-000077,0.98,0.579,0.191,5141.55,6,0
Tennessee,Operations North,Chattanooga,TE Managed Group B,Reporting Pod 1,Chattanooga Pod 1,Dr. Turner 1,Morgan Chen,DEMO-000078,1.39,0.691,0.559,5334.97,0,0
Tennessee,Operations North,Chattanooga,TE Managed Group B,Reporting Pod 1,Chattanooga Pod 1,Dr. Turner 1,Riley Cooper,DEMO-000079,1.66,0.801,0.433,5713.72,1,0
Tennessee,Operations North,Chattanooga,TE Managed Group B,Reporting Pod 1,Chattanooga Pod 1,Dr. Turner 1,Drew Patel,DEMO-000080,1.56,0.85,0.485,4373.72,3,0
Tennessee,Operations North,Chattanooga,TE Managed Group B,Reporting Pod 1,Chattanooga Pod 1,Dr. Turner 1,Quinn Hughes,DEMO-000081,1.09,0.792,0.296,19150.9,1,0
Tennessee,Operations North,Chattanooga,TE Managed Group B,Reporting Pod 1,Chattanooga Pod 1,Dr. Bennett 2,Taylor Kim,DEMO-000082,1.08,0.897,0.26,2592.1,0,1
Tennessee,Operations North,Chattanooga,TE Managed Group B,Reporting Pod 1,Chattanooga Pod 1,Dr. Bennett 2,Blake Cooper,DEMO-000083,1.33,0.836,0.407,916.65,2,0
Tennessee,Operations North,Chattanooga,TE Managed Group B,Reporting Pod 1,Chattanooga Pod 1,Dr. Bennett 2,Casey Rivera,DEMO-000084,1.54,0.813,0.299,7365.04,2,1
Tennessee,Operations North,Chattanooga,TE Managed Group B,Reporting Pod 1,Chattanooga Pod 1,Dr. Bennett 2,Taylor Santos,DEMO-000085,1.23,0.811,0.235,6206.54,0,0
Tennessee,Operations North,Chattanooga,TE Managed Group B,Reporting Pod 1,Chattanooga Pod 1,Dr. Bennett 2,Reese Brooks,DEMO-000086,1.27,0.624,0.247,6291.19,1,1
Tennessee,Operations North,Chattanooga,TE Managed Group B,Reporting Pod 1,Chattanooga Pod 1,Dr. Bennett 2,Kai Turner,DEMO-000087,1.69,0.961,0.533,21869.55,2,1
Tennessee,Operations North,Chattanooga,TE Managed Group B,Reporting Pod 1,Chattanooga Pod 1,Dr. Bennett 2,Emerson Carter,DEMO-000088,1.41,0.793,0.41,7700.05,2,0
Tennessee,Operations North,Chattanooga,TE Managed Group B,Reporting Pod 1,Chattanooga Pod 1,Dr. Bennett 2,Emerson Cooper,DEMO-000089,1.17,0.796,0.424,5223.06,1,0
Tennessee,Operations North,Chattanooga,TE Managed Group B,Reporting Pod 1,Chattanooga Pod 1,Dr. Bennett 2,Harper Shah,DEMO-000090,1.6,0.776,0.517,6706.49,3,1
Tennessee,Operations North,Chattanooga,TE Managed Group B,Reporting Pod 1,Chattanooga Pod 2,Dr. Wright 1,Casey Patel,DEMO-000091,1.07,0.958,0.206,8254.83,0,2
Tennessee,Operations North,Chattanooga,TE Managed Group B,Reporting Pod 1,Chattanooga Pod 2,Dr. Wright 1,Parker Morales,DEMO-000092,1.66,1.0,0.465,2635.26,1,0
Tennessee,Operations North,Chattanooga,TE Managed Group B,Reporting Pod 1,Chattanooga Pod 2,Dr. Wright 1,Drew Foster,DEMO-000093,0.96,0.71,0.399,5883.35,2,0
Tennessee,Operations North,Chattanooga,TE Managed Group B,Reporting Pod 1,Chattanooga Pod 2,Dr. Wright 1,Reese Hughes,DEMO-000094,1.14,0.955,0.455,39744.73,1,1
Tennessee,Operations North,Chattanooga,TE Managed Group B,Reporting Pod 1,Chattanooga Pod 2,Dr. Wright 1,Morgan Kim,DEMO-000095,1.27,0.84,0.602,6014.46,5,2
Tennessee,Operations North,Chattanooga,TE Managed Group B,Reporting Pod 1,Chattanooga Pod 2,Dr. Wright 1,Riley Santos,DEMO-000096,0.95,0.639,0.464,10166.91,2,1
Tennessee,Operations North,Chattanooga,TE Managed Group B,Reporting Pod 1,Chattanooga Pod 2,Dr. Wright 1,Riley Rivera,DEMO-000097,0.9,0.763,0.313,7183.4,0,0
Tennessee,Operations North,Chattanooga,TE Managed Group B,Reporting Pod 1,Chattanooga Pod 2,Dr. Wright 1,Taylor Shah,DEMO-000098,0.67,0.789,0.358,5053.65,3,1
Tennessee,Operations North,Chattanooga,TE Managed Group B,Reporting Pod 1,Chattanooga Pod 2,Dr. Wright 1,Casey Kim,DEMO-000099,1.07,0.498,0.369,1627.1,1,0
Tennessee,Operations North,Chattanooga,TE Managed Group B,Reporting Pod 1,Chattanooga Pod 2,Dr. Santos 2,Kai Patel,DEMO-000100,1.5,0.81,0.502,4611.5,4,0
Tennessee,Operations North,Chattanooga,TE Managed Group B,Reporting Pod 1,Chattanooga Pod 2,Dr. Santos 2,Emerson Bennett,DEMO-000101,1.19,1.0,0.462,20766.49,0,0
Tennessee,Operations North,Chattanooga,TE Managed Group B,Reporting Pod 1,Chattanooga Pod 2,Dr. Santos 2,Rowan Bennett,DEMO-000102,1.28,0.704,0.355,6504.5,1,0
Tennessee,Operations North,Chattanooga,TE Managed Group B,Reporting Pod 1,Chattanooga Pod 2,Dr. Santos 2,Quinn Patel,DEMO-000103,1.46,0.788,0.679,11403.77,3,0
Tennessee,Operations North,Chattanooga,TE Managed Group B,Reporting Pod 1,Chattanooga Pod 2,Dr. Santos 2,Alex Chen,DEMO-000104,1.04,0.682,0.087,3475.06,0,0
Tennessee,Operations North,Chattanooga,TE Managed Group B,Reporting Pod 1,Chattanooga Pod 2,Dr. Santos 2,Casey Kim,DEMO-000105,0.9,0.966,0.101,3508.39,1,0
Tennessee,Operations North,Chattanooga,TE Managed Group B,Reporting Pod 1,Chattanooga Pod 2,Dr. Santos 2,Riley Shah,DEMO-000106,1.07,1.0,0.027,5933.33,0,0
Tennessee,Operations North,Chattanooga,TE Managed Group B,Reporting Pod 1,Chattanooga Pod 2,Dr. Santos 2,Casey Bennett,DEMO-000107,1.07,0.684,0.212,2440.55,0,0
Tennessee,Operations North,Chattanooga,TE Managed Group B,Reporting Pod 1,Chattanooga Pod 2,Dr. Santos 2,Taylor Cooper,DEMO-000108,0.99,0.686,0.284,16675.36,1,1
Tennessee,Operations North,Chattanooga,TE Managed Group B,Reporting Pod 2,Chattanooga Pod 1,Dr. Foster 1,Morgan Shah,DEMO-000109,0.75,0.898,0.061,2913.78,0,0
Tennessee,Operations North,Chattanooga,TE Managed Group B,Reporting Pod 2,Chattanooga Pod 1,Dr. Foster 1,Reese Rivera,DEMO-000110,1.08,0.76,0.271,5349.44,3,1
Tennessee,Operations North,Chattanooga,TE Managed Group B,Reporting Pod 2,Chattanooga Pod 1,Dr. Foster 1,Rowan Rivera,DEMO-000111,1.2,1.0,0.423,7900.37,3,1
Tennessee,Operations North,Chattanooga,TE Managed Group B,Reporting Pod 2,Chattanooga Pod 1,Dr. Foster 1,Emerson Bennett,DEMO-000112,0.57,0.762,0.269,4266.27,4,1
Tennessee,Operations North,Chattanooga,TE Managed Group B,Reporting Pod 2,Chattanooga Pod 1,Dr. Foster 1,Riley Chen,DEMO-000113,1.58,0.868,0.856,1449.57,1,0
Tennessee,Operations North,Chattanooga,TE Managed Group B,Reporting Pod 2,Chattanooga Pod 1,Dr. Foster 1,Jordan Rivera,DEMO-000114,1.12,0.585,0.486,14218.2,2,0
Tennessee,Operations North,Chattanooga,TE Managed Group B,Reporting Pod 2,Chattanooga Pod 1,Dr. Foster 1,Kai Wright,DEMO-000115,1.48,0.544,0.43,3118.58,3,1
Tennessee,Operations North,Chattanooga,TE Managed Group B,Reporting Pod 2,Chattanooga Pod 1,Dr. Foster 1,Harper Cooper,DEMO-000116,1.11,0.699,0.191,23255.72,1,0
Tennessee,Operations North,Chattanooga,TE Managed Group B,Reporting Pod 2,Chattanooga Pod 1,Dr. Foster 1,Casey Brooks,DEMO-000117,1.11,0.853,0.41,4835.08,1,0
Tennessee,Operations North,Chattanooga,TE Managed Group B,Reporting Pod 2,Chattanooga Pod 1,Dr. Chen 2,Quinn Ali,DEMO-000118,1.28,0.701,0.12,11611.43,3,0
Tennessee,Operations North,Chattanooga,TE Managed Group B,Reporting Pod 2,Chattanooga Pod 1,Dr. Chen 2,Parker Carter,DEMO-000119,0.51,0.985,0.401,13600.65,1,0
Tennessee,Operations North,Chattanooga,TE Managed Group B,Reporting Pod 2,Chattanooga Pod 1,Dr. Chen 2,Blake Patel,DEMO-000120,1.2,0.685,0.514,17532.85,0,1
Tennessee,Operations North,Chattanooga,TE Managed Group B,Reporting Pod 2,Chattanooga Pod 1,Dr. Chen 2,Jordan Bennett,DEMO-000121,1.25,0.723,0.552,6054.92,0,1
Tennessee,Operations North,Chattanooga,TE Managed Group B,Reporting Pod 2,Chattanooga Pod 1,Dr. Chen 2,Rowan Patel,DEMO-000122,1.59,0.586,0.419,14117.91,0,0
Tennessee,Operations North,Chattanooga,TE Managed Group B,Reporting Pod 2,Chattanooga Pod 1,Dr. Chen 2,Casey Santos,DEMO-000123,1.42,0.816,0.55,17168.42,2,0
Tennessee,Operations North,Chattanooga,TE Managed Group B,Reporting Pod 2,Chattanooga Pod 1,Dr. Chen 2,Emerson Shah,DEMO-000124,1.16,0.817,0.44,5989.32,2,0
Tennessee,Operations North,Chattanooga,TE Managed Group B,Reporting Pod 2,Chattanooga Pod 1,Dr. Chen 2,Casey Chen,DEMO-000125,0.92,1.0,0.152,13453.01,1,0
Tennessee,Operations North,Chattanooga,TE Managed Group B,Reporting Pod 2,Chattanooga Pod 1,Dr. Chen 2,Kai Shah,DEMO-000126,1.23,0.823,0.31,18187.42,2,1
Tennessee,Operations North,Chattanooga,TE Managed Group B,Reporting Pod 2,Chattanooga Pod 2,Dr. Cooper 1,Kai Kim,DEMO-000127,1.15,0.824,0.316,11895.31,2,1
Tennessee,Operations North,Chattanooga,TE Managed Group B,Reporting Pod 2,Chattanooga Pod 2,Dr. Cooper 1,Casey Hughes,DEMO-000128,1.17,0.809,0.547,11417.34,1,0
Tennessee,Operations North,Chattanooga,TE Managed Group B,Reporting Pod 2,Chattanooga Pod 2,Dr. Cooper 1,Rowan Chen,DEMO-000129,1.25,0.76,0.336,2838.29,2,0
Tennessee,Operations North,Chattanooga,TE Managed Group B,Reporting Pod 2,Chattanooga Pod 2,Dr. Cooper 1,Avery Brooks,DEMO-000130,1.92,0.482,0.599,6981.13,1,0
Tennessee,Operations North,Chattanooga,TE Managed Group B,Reporting Pod 2,Chattanooga Pod 2,Dr. Cooper 1,Blake Cooper,DEMO-000131,0.43,1.0,0.064,3814.47,2,0
Tennessee,Operations North,Chattanooga,TE Managed Group B,Reporting Pod 2,Chattanooga Pod 2,Dr. Cooper 1,Drew Patel,DEMO-000132,1.46,0.844,0.559,9978.57,2,3
Tennessee,Operations North,Chattanooga,TE Managed Group B,Reporting Pod 2,Chattanooga Pod 2,Dr. Cooper 1,Riley Hughes,DEMO-000133,0.68,0.992,0.292,4816.71,1,0
Tennessee,Operations North,Chattanooga,TE Managed Group B,Reporting Pod 2,Chattanooga Pod 2,Dr. Cooper 1,Emerson Cooper,DEMO-000134,1.31,0.735,0.282,3470.84,1,0
Tennessee,Operations North,Chattanooga,TE Managed Group B,Reporting Pod 2,Chattanooga Pod 2,Dr. Cooper 1,Casey Foster,DEMO-000135,1.36,0.654,0.342,6495.48,1,1
Tennessee,Operations North,Chattanooga,TE Managed Group B,Reporting Pod 2,Chattanooga Pod 2,Dr. Ali 2,Casey Kim,DEMO-000136,1.27,0.557,0.131,6184.15,1,0
Tennessee,Operations North,Chattanooga,TE Managed Group B,Reporting Pod 2,Chattanooga Pod 2,Dr. Ali 2,Jordan Ali,DEMO-000137,0.57,0.797,0.072,1913.58,1,0
Tennessee,Operations North,Chattanooga,TE Managed Group B,Reporting Pod 2,Chattanooga Pod 2,Dr. Ali 2,Jordan Hughes,DEMO-000138,1.4,0.815,0.25,11339.88,0,0
Tennessee,Operations North,Chattanooga,TE Managed Group B,Reporting Pod 2,Chattanooga Pod 2,Dr. Ali 2,Avery Ali,DEMO-000139,1.29,0.817,0.478,5534.43,0,0
Tennessee,Operations North,Chattanooga,TE Managed Group B,Reporting Pod 2,Chattanooga Pod 2,Dr. Ali 2,Harper Rivera,DEMO-000140,1.23,0.903,0.346,12596.71,2,1
Tennessee,Operations North,Chattanooga,TE Managed Group B,Reporting Pod 2,Chattanooga Pod 2,Dr. Ali 2,Avery Chen,DEMO-000141,1.31,0.968,0.226,1691.88,2,0
Tennessee,Operations North,Chattanooga,TE Managed Group B,Reporting Pod 2,Chattanooga Pod 2,Dr. Ali 2,Casey Santos,DEMO-000142,1.29,0.757,0.512,14325.72,2,1
Tennessee,Operations North,Chattanooga,TE Managed Group B,Reporting Pod 2,Chattanooga Pod 2,Dr. Ali 2,Morgan Ali,DEMO-000143,0.86,0.829,0.304,26763.13,1,0
Tennessee,Operations North,Chattanooga,TE Managed Group B,Reporting Pod 2,Chattanooga Pod 2,Dr. Ali 2,Riley Carter,DEMO-000144,1.23,0.789,0.365,2108.16,1,0
Tennessee,Operations North,Nashville,TE Managed Group A,Reporting Pod 1,Nashville Pod 1,Dr. Rivera 1,Rowan Carter,DEMO-000145,1.6,0.649,0.464,4543.95,0,1
Tennessee,Operations North,Nashville,TE Managed Group A,Reporting Pod 1,Nashville Pod 1,Dr. Rivera 1,Harper Turner,DEMO-000146,1.11,0.771,0.413,2519.41,0,1
Tennessee,Operations North,Nashville,TE Managed Group A,Reporting Pod 1,Nashville Pod 1,Dr. Rivera 1,Avery Wright,DEMO-000147,1.08,0.854,0.18,1133.09,1,0
Tennessee,Operations North,Nashville,TE Managed Group A,Reporting Pod 1,Nashville Pod 1,Dr. Rivera 1,Parker Patel,DEMO-000148,1.57,0.718,0.721,4100.0,2,0
Tennessee,Operations North,Nashville,TE Managed Group A,Reporting Pod 1,Nashville Pod 1,Dr. Rivera 1,Taylor Cooper,DEMO-000149,0.78,0.871,0.062,2535.22,1,0
Tennessee,Operations North,Nashville,TE Managed Group A,Reporting Pod 1,Nashville Pod 1,Dr. Rivera 1,Taylor Hughes,DEMO-000150,1.02,0.617,0.396,5398.71,0,0
Tennessee,Operations North,Nashville,TE Managed Group A,Reporting Pod 1,Nashville Pod 1,Dr. Rivera 1,Rowan Santos,DEMO-000151,1.07,0.726,0.364,7293.89,0,1
Tennessee,Operations North,Nashville,TE Managed Group A,Reporting Pod 1,Nashville Pod 1,Dr. Rivera 1,Kai Kim,DEMO-000152,1.07,1.0,0.208,2688.65,2,0
Tennessee,Operations North,Nashville,TE Managed Group A,Reporting Pod 1,Nashville Pod 1,Dr. Rivera 1,Morgan Bennett,DEMO-000153,1.11,1.0,0.25,4049.53,1,1
Tennessee,Operations North,Nashville,TE Managed Group A,Reporting Pod 1,Nashville Pod 1,Dr. Kim 2,Reese Ali,DEMO-000154,0.84,0.836,0.245,1110.24,1,0
Tennessee,Operations North,Nashville,TE Managed Group A,Reporting Pod 1,Nashville Pod 1,Dr. Kim 2,Riley Bennett,DEMO-000155,1.03,0.777,0.679,6295.49,0,0
Tennessee,Operations North,Nashville,TE Managed Group A,Reporting Pod 1,Nashville Pod 1,Dr. Kim 2,Riley Cooper,DEMO-000156,1.13,0.779,0.273,4238.0,0,0
Tennessee,Operations North,Nashville,TE Managed Group A,Reporting Pod 1,Nashville Pod 1,Dr. Kim 2,Taylor Turner,DEMO-000157,1.55,0.774,0.692,7699.19,7,1
Tennessee,Operations North,Nashville,TE Managed Group A,Reporting Pod 1,Nashville Pod 1,Dr. Kim 2,Kai Wright,DEMO-000158,1.17,0.847,0.632,7653.51,2,0
Tennessee,Operations North,Nashville,TE Managed Group A,Reporting Pod 1,Nashville Pod 1,Dr. Kim 2,Jordan Rivera,DEMO-000159,1.16,0.857,0.67,2871.87,2,0
Tennessee,Operations North,Nashville,TE Managed Group A,Reporting Pod 1,Nashville Pod 1,Dr. Kim 2,Harper Bennett,DEMO-000160,1.08,0.877,0.289,3574.21,1,0
Tennessee,Operations North,Nashville,TE Managed Group A,Reporting Pod 1,Nashville Pod 1,Dr. Kim 2,Emerson Patel,DEMO-000161,1.13,0.868,0.119,4270.26,1,0
Tennessee,Operations North,Nashville,TE Managed Group A,Reporting Pod 1,Nashville Pod 1,Dr. Kim 2,Drew Rivera,DEMO-000162,1.59,0.888,0.403,19895.49,0,0
Tennessee,Operations North,Nashville,TE Managed Group A,Reporting Pod 1,Nashville Pod 2,Dr. Hughes 1,Blake Brooks,DEMO-000163,1.05,0.615,0.616,8289.36,1,0
Tennessee,Operations North,Nashville,TE Managed Group A,Reporting Pod 1,Nashville Pod 2,Dr. Hughes 1,Kai Cooper,DEMO-000164,0.66,0.914,0.079,3535.28,1,0
Tennessee,Operations North,Nashville,TE Managed Group A,Reporting Pod 1,Nashville Pod 2,Dr. Hughes 1,Morgan Chen,DEMO-000165,1.09,0.721,0.461,8535.75,1,0
Tennessee,Operations North,Nashville,TE Managed Group A,Reporting Pod 1,Nashville Pod 2,Dr. Hughes 1,Avery Carter,DEMO-000166,1.84,0.863,0.742,2308.98,3,0
Tennessee,Operations North,Nashville,TE Managed Group A,Reporting Pod 1,Nashville Pod 2,Dr. Hughes 1,Kai Bennett,DEMO-000167,0.99,0.664,0.158,14320.06,1,1
Tennessee,Operations North,Nashville,TE Managed Group A,Reporting Pod 1,Nashville Pod 2,Dr. Hughes 1,Avery Chen,DEMO-000168,1.24,0.681,0.401,22495.15,1,0
Tennessee,Operations North,Nashville,TE Managed Group A,Reporting Pod 1,Nashville Pod 2,Dr. Hughes 1,Parker Hughes,DEMO-000169,1.01,0.73,0.338,6487.16,0,0
Tennessee,Operations North,Nashville,TE Managed Group A,Reporting Pod 1,Nashville Pod 2,Dr. Hughes 1,Alex Bennett,DEMO-000170,1.21,0.887,0.456,5496.53,0,0
Tennessee,Operations North,Nashville,TE Managed Group A,Reporting Pod 1,Nashville Pod 2,Dr. Hughes 1,Riley Bennett,DEMO-000171,1.15,0.846,0.46,7177.84,1,0
Tennessee,Operations North,Nashville,TE Managed Group A,Reporting Pod 1,Nashville Pod 2,Dr. Patel 2,Casey Foster,DEMO-000172,1.4,0.823,0.516,9580.51,2,0
Tennessee,Operations North,Nashville,TE Managed Group A,Reporting Pod 1,Nashville Pod 2,Dr. Patel 2,Morgan Brooks,DEMO-000173,0.81,0.864,0.329,6812.88,1,1
Tennessee,Operations North,Nashville,TE Managed Group A,Reporting Pod 1,Nashville Pod 2,Dr. Patel 2,Avery Cooper,DEMO-000174,0.8,0.868,0.118,4799.38,0,0
Tennessee,Operations North,Nashville,TE Managed Group A,Reporting Pod 1,Nashville Pod 2,Dr. Patel 2,Emerson Ali,DEMO-000175,0.43,0.633,0.238,7768.55,1,0
Tennessee,Operations North,Nashville,TE Managed Group A,Reporting Pod 1,Nashville Pod 2,Dr. Patel 2,Taylor Carter,DEMO-000176,1.04,0.723,0.457,12246.37,1,1
Tennessee,Operations North,Nashville,TE Managed Group A,Reporting Pod 1,Nashville Pod 2,Dr. Patel 2,Harper Kim,DEMO-000177,1.14,0.863,0.106,2332.44,0,0
Tennessee,Operations North,Nashville,TE Managed Group A,Reporting Pod 1,Nashville Pod 2,Dr. Patel 2,Morgan Turner,DEMO-000178,0.96,0.697,0.496,3249.49,1,0
Tennessee,Operations North,Nashville,TE Managed Group A,Reporting Pod 1,Nashville Pod 2,Dr. Patel 2,Quinn Morales,DEMO-000179,0.82,0.78,0.338,4666.8,0,0
Tennessee,Operations North,Nashville,TE Managed Group A,Reporting Pod 1,Nashville Pod 2,Dr. Patel 2,Riley Patel,DEMO-000180,1.21,0.538,0.27,3045.61,0,0
Tennessee,Operations North,Nashville,TE Managed Group A,Reporting Pod 2,Nashville Pod 1,Dr. Morales 1,Casey Morales,DEMO-000181,1.41,0.686,0.54,9286.76,4,1
Tennessee,Operations North,Nashville,TE Managed Group A,Reporting Pod 2,Nashville Pod 1,Dr. Morales 1,Casey Morales,DEMO-000182,1.5,0.814,0.823,7164.67,2,0
Tennessee,Operations North,Nashville,TE Managed Group A,Reporting Pod 2,Nashville Pod 1,Dr. Morales 1,Drew Turner,DEMO-000183,1.28,0.757,0.42,6479.49,2,0
Tennessee,Operations North,Nashville,TE Managed Group A,Reporting Pod 2,Nashville Pod 1,Dr. Morales 1,Alex Ali,DEMO-000184,1.45,0.735,0.351,7747.53,0,2
Tennessee,Operations North,Nashville,TE Managed Group A,Reporting Pod 2,Nashville Pod 1,Dr. Morales 1,Quinn Bennett,DEMO-000185,0.98,0.992,0.22,4986.75,0,0
Tennessee,Operations North,Nashville,TE Managed Group A,Reporting Pod 2,Nashville Pod 1,Dr. Morales 1,Taylor Cooper,DEMO-000186,1.19,0.854,0.169,4884.07,0,1
Tennessee,Operations North,Nashville,TE Managed Group A,Reporting Pod 2,Nashville Pod 1,Dr. Morales 1,Emerson Kim,DEMO-000187,1.49,0.738,0.337,3151.56,2,2
Tennessee,Operations North,Nashville,TE Managed Group A,Reporting Pod 2,Nashville Pod 1,Dr. Morales 1,Kai Rivera,DEMO-000188,1.21,0.866,0.252,5627.06,0,0
Tennessee,Operations North,Nashville,TE Managed Group A,Reporting Pod 2,Nashville Pod 1,Dr. Morales 1,Rowan Morales,DEMO-000189,1.65,0.477,0.876,9063.21,2,0
Tennessee,Operations North,Nashville,TE Managed Group A,Reporting Pod 2,Nashville Pod 1,Dr. Carter 2,Drew Turner,DEMO-000190,0.97,0.812,0.184,5198.04,0,0
Tennessee,Operations North,Nashville,TE Managed Group A,Reporting Pod 2,Nashville Pod 1,Dr. Carter 2,Harper Ali,DEMO-000191,1.25,0.761,0.261,7284.62,1,0
Tennessee,Operations North,Nashville,TE Managed Group A,Reporting Pod 2,Nashville Pod 1,Dr. Carter 2,Morgan Turner,DEMO-000192,1.07,0.738,0.626,4810.43,5,0
Tennessee,Operations North,Nashville,TE Managed Group A,Reporting Pod 2,Nashville Pod 1,Dr. Carter 2,Rowan Cooper,DEMO-000193,1.2,0.586,0.614,20339.31,0,1
Tennessee,Operations North,Nashville,TE Managed Group A,Reporting Pod 2,Nashville Pod 1,Dr. Carter 2,Emerson Rivera,DEMO-000194,1.1,0.912,0.423,8593.16,1,1
Tennessee,Operations North,Nashville,TE Managed Group A,Reporting Pod 2,Nashville Pod 1,Dr. Carter 2,Taylor Shah,DEMO-000195,1.63,0.573,0.753,10076.21,3,0
Tennessee,Operations North,Nashville,TE Managed Group A,Reporting Pod 2,Nashville Pod 1,Dr. Carter 2,Avery Shah,DEMO-000196,1.3,0.56,0.366,4433.73,0,0
Tennessee,Operations North,Nashville,TE Managed Group A,Reporting Pod 2,Nashville Pod 1,Dr. Carter 2,Drew Shah,DEMO-000197,1.71,0.688,0.584,1953.4,2,1
Tennessee,Operations North,Nashville,TE Managed Group A,Reporting Pod 2,Nashville Pod 1,Dr. Carter 2,Reese Chen,DEMO-000198,1.56,0.855,0.858,19307.39,1,1
Tennessee,Operations North,Nashville,TE Managed Group A,Reporting Pod 2,Nashville Pod 2,Dr. Shah 1,Emerson Ali,DEMO-000199,1.14,0.731,0.437,8017.96,1,0
Tennessee,Operations North,Nashville,TE Managed Group A,Reporting Pod 2,Nashville Pod 2,Dr. Shah 1,Quinn Turner,DEMO-000200,1.1,0.871,0.335,7379.29,1,0
Tennessee,Operations North,Nashville,TE Managed Group A,Reporting Pod 2,Nashville Pod 2,Dr. Shah 1,Rowan Santos,DEMO-000201,1.75,0.831,0.559,1643.33,0,1
Tennessee,Operations North,Nashville,TE Managed Group A,Reporting Pod 2,Nashville Pod 2,Dr. Shah 1,Blake Bennett,DEMO-000202,1.57,1.0,0.478,11209.91,0,1
Tennessee,Operations North,Nashville,TE Managed Group A,Reporting Pod 2,Nashville Pod 2,Dr. Shah 1,Harper Turner,DEMO-000203,1.49,0.69,0.473,17229.74,5,0
Tennessee,Operations North,Nashville,TE Managed Group A,Reporting Pod 2,Nashville Pod 2,Dr. Shah 1,Taylor Patel,DEMO-000204,1.83,0.755,0.367,8147.65,0,0
Tennessee,Operations North,Nashville,TE Managed Group A,Reporting Pod 2,Nashville Pod 2,Dr. Shah 1,Avery Santos,DEMO-000205,1.1,0.788,0.353,16607.18,1,0
Tennessee,Operations North,Nashville,TE Managed Group A,Reporting Pod 2,Nashville Pod 2,Dr. Shah 1,Alex Foster,DEMO-000206,0.95,0.753,0.263,8559.42,2,1
Tennessee,Operations North,Nashville,TE Managed Group A,Reporting Pod 2,Nashville Pod 2,Dr. Shah 1,Kai Santos,DEMO-000207,0.85,0.78,0.171,4525.11,1,0
Tennessee,Operations North,Nashville,TE Managed Group A,Reporting Pod 2,Nashville Pod 2,Dr. Brooks 2,Taylor Bennett,DEMO-000208,0.95,0.619,0.194,6275.68,2,0
Tennessee,Operations North,Nashville,TE Managed Group A,Reporting Pod 2,Nashville Pod 2,Dr. Brooks 2,Parker Carter,DEMO-000209,0.34,0.774,0.074,7041.68,1,0
Tennessee,Operations North,Nashville,TE Managed Group A,Reporting Pod 2,Nashville Pod 2,Dr. Brooks 2,Avery Chen,DEMO-000210,0.65,0.832,0.187,16877.11,0,0
Tennessee,Operations North,Nashville,TE Managed Group A,Reporting Pod 2,Nashville Pod 2,Dr. Brooks 2,Drew Chen,DEMO-000211,1.31,0.911,0.464,5926.66,2,0
Tennessee,Operations North,Nashville,TE Managed Group A,Reporting Pod 2,Nashville Pod 2,Dr. Brooks 2,Emerson Brooks,DEMO-000212,1.2,0.758,0.223,4091.34,2,0
Tennessee,Operations North,Nashville,TE Managed Group A,Reporting Pod 2,Nashville Pod 2,Dr. Brooks 2,Quinn Hughes,DEMO-000213,0.84,0.817,0.174,2360.06,0,0
Tennessee,Operations North,Nashville,TE Managed Group A,Reporting Pod 2,Nashville Pod 2,Dr. Brooks 2,Harper Rivera,DEMO-000214,1.14,0.81,0.539,10005.26,3,1
Tennessee,Operations North,Nashville,TE Managed Group A,Reporting Pod 2,Nashville Pod 2,Dr. Brooks 2,Jordan Turner,DEMO-000215,1.59,0.805,0.414,10744.66,0,0
Tennessee,Operations North,Nashville,TE Managed Group A,Reporting Pod 2,Nashville Pod 2,Dr. Brooks 2,Harper Santos,DEMO-000216,1.2,0.936,0.398,25737.57,1,0
Tennessee,Operations North,Nashville,TE Managed Group B,Reporting Pod 1,Nashville Pod 1,Dr. Turner 1,Rowan Rivera,DEMO-000217,1.27,0.924,0.345,15762.61,1,0
Tennessee,Operations North,Nashville,TE Managed Group B,Reporting Pod 1,Nashville Pod 1,Dr. Turner 1,Jordan Cooper,DEMO-000218,1.35,0.798,0.384,15375.08,3,0
Tennessee,Operations North,Nashville,TE Managed Group B,Reporting Pod 1,Nashville Pod 1,Dr. Turner 1,Morgan Shah,DEMO-000219,0.78,0.809,0.066,9473.76,0,0
Tennessee,Operations North,Nashville,TE Managed Group B,Reporting Pod 1,Nashville Pod 1,Dr. Turner 1,Harper Brooks,DEMO-000220,1.27,0.607,0.272,8242.58,2,0
Tennessee,Operations North,Nashville,TE Managed Group B,Reporting Pod 1,Nashville Pod 1,Dr. Turner 1,Parker Foster,DEMO-000221,0.95,0.91,0.131,1658.43,1,0
Tennessee,Operations North,Nashville,TE Managed Group B,Reporting Pod 1,Nashville Pod 1,Dr. Turner 1,Kai Cooper,DEMO-000222,1.21,0.911,0.032,4700.13,0,0
Tennessee,Operations North,Nashville,TE Managed Group B,Reporting Pod 1,Nashville Pod 1,Dr. Turner 1,Riley Brooks,DEMO-000223,1.87,1.0,0.691,11711.94,3,0
Tennessee,Operations North,Nashville,TE Managed Group B,Reporting Pod 1,Nashville Pod 1,Dr. Turner 1,Riley Chen,DEMO-000224,1.53,0.828,0.454,8621.75,6,1
Tennessee,Operations North,Nashville,TE Managed Group B,Reporting Pod 1,Nashville Pod 1,Dr. Turner 1,Jordan Brooks,DEMO-000225,1.61,0.643,0.823,21502.2,1,2
Tennessee,Operations North,Nashville,TE Managed Group B,Reporting Pod 1,Nashville Pod 1,Dr. Bennett 2,Morgan Brooks,DEMO-000226,0.78,0.799,0.103,1444.72,0,0
Tennessee,Operations North,Nashville,TE Managed Group B,Reporting Pod 1,Nashville Pod 1,Dr. Bennett 2,Jordan Morales,DEMO-000227,1.48,0.764,0.703,5452.49,2,0
Tennessee,Operations North,Nashville,TE Managed Group B,Reporting Pod 1,Nashville Pod 1,Dr. Bennett 2,Avery Shah,DEMO-000228,0.99,0.989,0.2,4212.27,2,1
Tennessee,Operations North,Nashville,TE Managed Group B,Reporting Pod 1,Nashville Pod 1,Dr. Bennett 2,Blake Hughes,DEMO-000229,0.96,0.834,0.39,28784.51,0,1
Tennessee,Operations North,Nashville,TE Managed Group B,Reporting Pod 1,Nashville Pod 1,Dr. Bennett 2,Parker Santos,DEMO-000230,0.91,0.784,0.327,7741.57,1,1
Tennessee,Operations North,Nashville,TE Managed Group B,Reporting Pod 1,Nashville Pod 1,Dr. Bennett 2,Avery Turner,DEMO-000231,1.02,0.903,0.298,14355.38,1,0
Tennessee,Operations North,Nashville,TE Managed Group B,Reporting Pod 1,Nashville Pod 1,Dr. Bennett 2,Casey Hughes,DEMO-000232,1.05,0.767,0.389,11598.97,0,0
Tennessee,Operations North,Nashville,TE Managed Group B,Reporting Pod 1,Nashville Pod 1,Dr. Bennett 2,Casey Cooper,DEMO-000233,1.36,0.615,0.637,7103.89,4,0
Tennessee,Operations North,Nashville,TE Managed Group B,Reporting Pod 1,Nashville Pod 1,Dr. Bennett 2,Parker Foster,DEMO-000234,0.3,0.826,0.109,6293.51,0,1
Tennessee,Operations North,Nashville,TE Managed Group B,Reporting Pod 1,Nashville Pod 2,Dr. Wright 1,Morgan Wright,DEMO-000235,1.46,0.815,0.369,6638.37,0,0
Tennessee,Operations North,Nashville,TE Managed Group B,Reporting Pod 1,Nashville Pod 2,Dr. Wright 1,Rowan Santos,DEMO-000236,1.44,0.727,0.134,4433.04,0,2
Tennessee,Operations North,Nashville,TE Managed Group B,Reporting Pod 1,Nashville Pod 2,Dr. Wright 1,Parker Patel,DEMO-000237,1.11,1.0,0.499,16382.74,1,0
Tennessee,Operations North,Nashville,TE Managed Group B,Reporting Pod 1,Nashville Pod 2,Dr. Wright 1,Casey Bennett,DEMO-000238,1.33,0.851,0.613,9366.39,1,0
Tennessee,Operations North,Nashville,TE Managed Group B,Reporting Pod 1,Nashville Pod 2,Dr. Wright 1,Blake Chen,DEMO-000239,1.07,0.709,0.374,2097.3,1,1
Tennessee,Operations North,Nashville,TE Managed Group B,Reporting Pod 1,Nashville Pod 2,Dr. Wright 1,Riley Foster,DEMO-000240,1.1,0.767,0.377,5406.02,1,0
Tennessee,Operations North,Nashville,TE Managed Group B,Reporting Pod 1,Nashville Pod 2,Dr. Wright 1,Parker Shah,DEMO-000241,1.13,0.958,0.265,7060.38,1,1
Tennessee,Operations North,Nashville,TE Managed Group B,Reporting Pod 1,Nashville Pod 2,Dr. Wright 1,Taylor Shah,DEMO-000242,1.18,0.879,0.416,8927.34,1,0
Tennessee,Operations North,Nashville,TE Managed Group B,Reporting Pod 1,Nashville Pod 2,Dr. Wright 1,Emerson Patel,DEMO-000243,1.52,0.975,0.631,2120.71,1,0
Tennessee,Operations North,Nashville,TE Managed Group B,Reporting Pod 1,Nashville Pod 2,Dr. Santos 2,Taylor Rivera,DEMO-000244,1.32,0.625,0.291,9321.49,1,1
Tennessee,Operations North,Nashville,TE Managed Group B,Reporting Pod 1,Nashville Pod 2,Dr. Santos 2,Blake Bennett,DEMO-000245,0.8,0.617,0.193,26251.77,1,0
Tennessee,Operations North,Nashville,TE Managed Group B,Reporting Pod 1,Nashville Pod 2,Dr. Santos 2,Taylor Cooper,DEMO-000246,1.43,0.819,0.318,5141.2,0,0
Tennessee,Operations North,Nashville,TE Managed Group B,Reporting Pod 1,Nashville Pod 2,Dr. Santos 2,Parker Santos,DEMO-000247,1.45,0.949,0.254,4925.95,1,1
Tennessee,Operations North,Nashville,TE Managed Group B,Reporting Pod 1,Nashville Pod 2,Dr. Santos 2,Emerson Bennett,DEMO-000248,2.11,0.854,0.517,4042.43,2,1
Tennessee,Operations North,Nashville,TE Managed Group B,Reporting Pod 1,Nashville Pod 2,Dr. Santos 2,Alex Morales,DEMO-000249,0.67,0.856,0.156,1172.37,1,0
Tennessee,Operations North,Nashville,TE Managed Group B,Reporting Pod 1,Nashville Pod 2,Dr. Santos 2,Drew Hughes,DEMO-000250,1.24,0.84,0.368,8324.09,2,0
Tennessee,Operations North,Nashville,TE Managed Group B,Reporting Pod 1,Nashville Pod 2,Dr. Santos 2,Reese Hughes,DEMO-000251,1.45,0.801,0.418,3545.82,1,0
Tennessee,Operations North,Nashville,TE Managed Group B,Reporting Pod 1,Nashville Pod 2,Dr. Santos 2,Blake Morales,DEMO-000252,0.91,0.678,0.19,7373.88,2,0
Tennessee,Operations North,Nashville,TE Managed Group B,Reporting Pod 2,Nashville Pod 1,Dr. Foster 1,Blake Bennett,DEMO-000253,1.23,0.636,0.739,9293.63,3,0
Tennessee,Operations North,Nashville,TE Managed Group B,Reporting Pod 2,Nashville Pod 1,Dr. Foster 1,Taylor Foster,DEMO-000254,0.38,0.965,0.224,3255.89,1,0
Tennessee,Operations North,Nashville,TE Managed Group B,Reporting Pod 2,Nashville Pod 1,Dr. Foster 1,Kai Carter,DEMO-000255,1.83,0.737,0.608,8382.25,3,0
Tennessee,Operations North,Nashville,TE Managed Group B,Reporting Pod 2,Nashville Pod 1,Dr. Foster 1,Taylor Kim,DEMO-000256,1.53,0.813,0.665,8151.0,3,0
Tennessee,Operations North,Nashville,TE Managed Group B,Reporting Pod 2,Nashville Pod 1,Dr. Foster 1,Taylor Santos,DEMO-000257,0.94,0.815,0.252,5333.32,1,1
Tennessee,Operations North,Nashville,TE Managed Group B,Reporting Pod 2,Nashville Pod 1,Dr. Foster 1,Rowan Bennett,DEMO-000258,1.06,1.0,0.153,4425.07,1,0
Tennessee,Operations North,Nashville,TE Managed Group B,Reporting Pod 2,Nashville Pod 1,Dr. Foster 1,Alex Hughes,DEMO-000259,1.86,0.999,0.435,6062.5,1,1
Tennessee,Operations North,Nashville,TE Managed Group B,Reporting Pod 2,Nashville Pod 1,Dr. Foster 1,Casey Morales,DEMO-000260,0.96,0.624,0.236,4521.39,1,0
Tennessee,Operations North,Nashville,TE Managed Group B,Reporting Pod 2,Nashville Pod 1,Dr. Foster 1,Parker Kim,DEMO-000261,1.4,0.858,0.74,5562.54,7,0
Tennessee,Operations North,Nashville,TE Managed Group B,Reporting Pod 2,Nashville Pod 1,Dr. Chen 2,Avery Ali,DEMO-000262,1.54,0.796,0.578,6618.43,2,0
Tennessee,Operations North,Nashville,TE Managed Group B,Reporting Pod 2,Nashville Pod 1,Dr. Chen 2,Reese Morales,DEMO-000263,1.07,0.787,0.357,3317.07,0,0
Tennessee,Operations North,Nashville,TE Managed Group B,Reporting Pod 2,Nashville Pod 1,Dr. Chen 2,Riley Cooper,DEMO-000264,1.11,0.694,0.289,3115.47,2,0
Tennessee,Operations North,Nashville,TE Managed Group B,Reporting Pod 2,Nashville Pod 1,Dr. Chen 2,Kai Hughes,DEMO-000265,1.12,0.838,0.287,4634.67,0,1
Tennessee,Operations North,Nashville,TE Managed Group B,Reporting Pod 2,Nashville Pod 1,Dr. Chen 2,Taylor Hughes,DEMO-000266,1.55,0.894,0.738,4598.81,2,0
Tennessee,Operations North,Nashville,TE Managed Group B,Reporting Pod 2,Nashville Pod 1,Dr. Chen 2,Morgan Patel,DEMO-000267,1.33,0.63,0.469,3593.23,3,0
Tennessee,Operations North,Nashville,TE Managed Group B,Reporting Pod 2,Nashville Pod 1,Dr. Chen 2,Drew Rivera,DEMO-000268,0.95,0.901,0.242,2787.43,1,0
Tennessee,Operations North,Nashville,TE Managed Group B,Reporting Pod 2,Nashville Pod 1,Dr. Chen 2,Kai Morales,DEMO-000269,1.9,0.771,0.683,16922.69,1,0
Tennessee,Operations North,Nashville,TE Managed Group B,Reporting Pod 2,Nashville Pod 1,Dr. Chen 2,Kai Cooper,DEMO-000270,1.49,0.794,0.528,10606.5,0,2
Tennessee,Operations North,Nashville,TE Managed Group B,Reporting Pod 2,Nashville Pod 2,Dr. Cooper 1,Reese Bennett,DEMO-000271,1.07,0.689,0.524,4801.8,2,0
Tennessee,Operations North,Nashville,TE Managed Group B,Reporting Pod 2,Nashville Pod 2,Dr. Cooper 1,Casey Foster,DEMO-000272,1.51,0.781,0.724,13659.74,1,1
Tennessee,Operations North,Nashville,TE Managed Group B,Reporting Pod 2,Nashville Pod 2,Dr. Cooper 1,Rowan Ali,DEMO-000273,1.1,0.75,0.451,2474.88,0,0
Tennessee,Operations North,Nashville,TE Managed Group B,Reporting Pod 2,Nashville Pod 2,Dr. Cooper 1,Parker Foster,DEMO-000274,0.96,0.708,0.429,3453.28,1,1
Tennessee,Operations North,Nashville,TE Managed Group B,Reporting Pod 2,Nashville Pod 2,Dr. Cooper 1,Parker Bennett,DEMO-000275,0.56,0.903,0.088,2511.53,0,0
Tennessee,Operations North,Nashville,TE Managed Group B,Reporting Pod 2,Nashville Pod 2,Dr. Cooper 1,Reese Ali,DEMO-000276,0.84,0.654,0.206,2080.94,2,0
Tennessee,Operations North,Nashville,TE Managed Group B,Reporting Pod 2,Nashville Pod 2,Dr. Cooper 1,Alex Wright,DEMO-000277,1.49,0.948,0.384,4953.94,0,0
Tennessee,Operations North,Nashville,TE Managed Group B,Reporting Pod 2,Nashville Pod 2,Dr. Cooper 1,Kai Santos,DEMO-000278,1.07,0.768,0.497,10455.77,1,0
Tennessee,Operations North,Nashville,TE Managed Group B,Reporting Pod 2,Nashville Pod 2,Dr. Cooper 1,Blake Ali,DEMO-000279,1.4,0.557,0.511,2018.8,2,1
Tennessee,Operations North,Nashville,TE Managed Group B,Reporting Pod 2,Nashville Pod 2,Dr. Ali 2,Rowan Kim,DEMO-000280,1.05,0.97,0.069,3428.06,1,0
Tennessee,Operations North,Nashville,TE Managed Group B,Reporting Pod 2,Nashville Pod 2,Dr. Ali 2,Morgan Chen,DEMO-000281,1.12,0.837,0.505,8293.77,2,0
Tennessee,Operations North,Nashville,TE Managed Group B,Reporting Pod 2,Nashville Pod 2,Dr. Ali 2,Emerson Turner,DEMO-000282,0.79,0.754,0.167,14800.64,2,0
Tennessee,Operations North,Nashville,TE Managed Group B,Reporting Pod 2,Nashville Pod 2,Dr. Ali 2,Harper Kim,DEMO-000283,1.85,0.684,0.765,4817.29,2,0
Tennessee,Operations North,Nashville,TE Managed Group B,Reporting Pod 2,Nashville Pod 2,Dr. Ali 2,Parker Bennett,DEMO-000284,1.31,0.977,0.629,12125.63,1,0
Tennessee,Operations North,Nashville,TE Managed Group B,Reporting Pod 2,Nashville Pod 2,Dr. Ali 2,Blake Chen,DEMO-000285,1.64,0.776,0.683,5569.59,0,0
Tennessee,Operations North,Nashville,TE Managed Group B,Reporting Pod 2,Nashville Pod 2,Dr. Ali 2,Harper Wright,DEMO-000286,1.41,1.0,0.335,10703.67,3,0
Tennessee,Operations North,Nashville,TE Managed Group B,Reporting Pod 2,Nashville Pod 2,Dr. Ali 2,Drew Kim,DEMO-000287,1.09,0.955,0.298,9891.24,2,0
Tennessee,Operations North,Nashville,TE Managed Group B,Reporting Pod 2,Nashville Pod 2,Dr. Ali 2,Emerson Turner,DEMO-000288,0.95,0.891,0.288,5836.51,1,0
Tennessee,Operations South,Chattanooga,TE Managed Group A,Reporting Pod 1,Chattanooga Pod 1,Dr. Rivera 1,Morgan Chen,DEMO-000289,0.76,0.871,0.331,2872.98,1,1
Tennessee,Operations South,Chattanooga,TE Managed Group A,Reporting Pod 1,Chattanooga Pod 1,Dr. Rivera 1,Emerson Ali,DEMO-000290,1.24,0.693,0.303,5912.92,2,0
Tennessee,Operations South,Chattanooga,TE Managed Group A,Reporting Pod 1,Chattanooga Pod 1,Dr. Rivera 1,Emerson Carter,DEMO-000291,1.57,0.729,0.705,1799.38,1,1
Tennessee,Operations South,Chattanooga,TE Managed Group A,Reporting Pod 1,Chattanooga Pod 1,Dr. Rivera 1,Jordan Ali,DEMO-000292,1.28,0.592,0.45,4360.81,0,2
Tennessee,Operations South,Chattanooga,TE Managed Group A,Reporting Pod 1,Chattanooga Pod 1,Dr. Rivera 1,Rowan Morales,DEMO-000293,1.05,0.819,0.216,6971.04,2,1
Tennessee,Operations South,Chattanooga,TE Managed Group A,Reporting Pod 1,Chattanooga Pod 1,Dr. Rivera 1,Quinn Santos,DEMO-000294,0.87,0.808,0.147,1494.54,2,1
Tennessee,Operations South,Chattanooga,TE Managed Group A,Reporting Pod 1,Chattanooga Pod 1,Dr. Rivera 1,Kai Chen,DEMO-000295,0.81,0.833,0.532,6631.87,1,1
Tennessee,Operations South,Chattanooga,TE Managed Group A,Reporting Pod 1,Chattanooga Pod 1,Dr. Rivera 1,Taylor Foster,DEMO-000296,1.46,0.802,0.366,5527.6,1,0
Tennessee,Operations South,Chattanooga,TE Managed Group A,Reporting Pod 1,Chattanooga Pod 1,Dr. Rivera 1,Morgan Turner,DEMO-000297,1.21,0.985,0.353,4724.75,1,1
Tennessee,Operations South,Chattanooga,TE Managed Group A,Reporting Pod 1,Chattanooga Pod 1,Dr. Kim 2,Reese Rivera,DEMO-000298,1.37,0.7,0.639,15212.69,2,0
Tennessee,Operations South,Chattanooga,TE Managed Group A,Reporting Pod 1,Chattanooga Pod 1,Dr. Kim 2,Jordan Carter,DEMO-000299,0.98,0.686,0.387,7068.9,3,0
Tennessee,Operations South,Chattanooga,TE Managed Group A,Reporting Pod 1,Chattanooga Pod 1,Dr. Kim 2,Avery Foster,DEMO-000300,0.74,1.0,0.291,10312.95,1,0
Tennessee,Operations South,Chattanooga,TE Managed Group A,Reporting Pod 1,Chattanooga Pod 1,Dr. Kim 2,Jordan Foster,DEMO-000301,1.54,0.778,0.496,4780.42,5,0
Tennessee,Operations South,Chattanooga,TE Managed Group A,Reporting Pod 1,Chattanooga Pod 1,Dr. Kim 2,Avery Foster,DEMO-000302,1.28,1.0,0.19,5037.48,0,0
Tennessee,Operations South,Chattanooga,TE Managed Group A,Reporting Pod 1,Chattanooga Pod 1,Dr. Kim 2,Rowan Foster,DEMO-000303,1.05,0.843,0.254,15909.62,0,0
Tennessee,Operations South,Chattanooga,TE Managed Group A,Reporting Pod 1,Chattanooga Pod 1,Dr. Kim 2,Avery Turner,DEMO-000304,1.47,0.814,0.54,5620.15,0,0
Tennessee,Operations South,Chattanooga,TE Managed Group A,Reporting Pod 1,Chattanooga Pod 1,Dr. Kim 2,Harper Bennett,DEMO-000305,1.21,0.698,0.275,15361.18,0,1
Tennessee,Operations South,Chattanooga,TE Managed Group A,Reporting Pod 1,Chattanooga Pod 1,Dr. Kim 2,Quinn Turner,DEMO-000306,1.04,0.641,0.291,10327.63,2,1
Tennessee,Operations South,Chattanooga,TE Managed Group A,Reporting Pod 1,Chattanooga Pod 2,Dr. Hughes 1,Kai Chen,DEMO-000307,0.83,0.738,0.177,7411.58,0,0
Tennessee,Operations South,Chattanooga,TE Managed Group A,Reporting Pod 1,Chattanooga Pod 2,Dr. Hughes 1,Parker Patel,DEMO-000308,1.55,0.842,0.543,4012.08,2,1
Tennessee,Operations South,Chattanooga,TE Managed Group A,Reporting Pod 1,Chattanooga Pod 2,Dr. Hughes 1,Riley Patel,DEMO-000309,0.94,0.95,0.116,6181.46,0,1
Tennessee,Operations South,Chattanooga,TE Managed Group A,Reporting Pod 1,Chattanooga Pod 2,Dr. Hughes 1,Drew Morales,DEMO-000310,1.28,0.809,0.374,5763.43,1,0
Tennessee,Operations South,Chattanooga,TE Managed Group A,Reporting Pod 1,Chattanooga Pod 2,Dr. Hughes 1,Reese Shah,DEMO-000311,1.63,0.898,0.16,3958.21,0,0
Tennessee,Operations South,Chattanooga,TE Managed Group A,Reporting Pod 1,Chattanooga Pod 2,Dr. Hughes 1,Parker Morales,DEMO-000312,1.6,0.898,0.403,2102.75,2,0
Tennessee,Operations South,Chattanooga,TE Managed Group A,Reporting Pod 1,Chattanooga Pod 2,Dr. Hughes 1,Alex Carter,DEMO-000313,0.93,0.931,0.27,11979.15,0,0
Tennessee,Operations South,Chattanooga,TE Managed Group A,Reporting Pod 1,Chattanooga Pod 2,Dr. Hughes 1,Jordan Wright,DEMO-000314,0.78,1.0,0.169,5247.92,4,0
Tennessee,Operations South,Chattanooga,TE Managed Group A,Reporting Pod 1,Chattanooga Pod 2,Dr. Hughes 1,Alex Bennett,DEMO-000315,1.35,0.679,0.087,1733.73,3,0
Tennessee,Operations South,Chattanooga,TE Managed Group A,Reporting Pod 1,Chattanooga Pod 2,Dr. Patel 2,Morgan Santos,DEMO-000316,1.39,0.905,0.402,9787.44,2,0
Tennessee,Operations South,Chattanooga,TE Managed Group A,Reporting Pod 1,Chattanooga Pod 2,Dr. Patel 2,Rowan Morales,DEMO-000317,1.26,0.767,0.425,2234.89,1,0
Tennessee,Operations South,Chattanooga,TE Managed Group A,Reporting Pod 1,Chattanooga Pod 2,Dr. Patel 2,Parker Wright,DEMO-000318,1.72,0.983,0.755,4118.63,3,3
Tennessee,Operations South,Chattanooga,TE Managed Group A,Reporting Pod 1,Chattanooga Pod 2,Dr. Patel 2,Quinn Turner,DEMO-000319,0.79,0.805,0.283,1581.78,2,2
Tennessee,Operations South,Chattanooga,TE Managed Group A,Reporting Pod 1,Chattanooga Pod 2,Dr. Patel 2,Alex Shah,DEMO-000320,1.29,0.782,0.304,5049.57,2,0
Tennessee,Operations South,Chattanooga,TE Managed Group A,Reporting Pod 1,Chattanooga Pod 2,Dr. Patel 2,Emerson Bennett,DEMO-000321,1.4,0.832,0.504,8950.05,4,0
Tennessee,Operations South,Chattanooga,TE Managed Group A,Reporting Pod 1,Chattanooga Pod 2,Dr. Patel 2,Harper Santos,DEMO-000322,1.17,0.879,0.435,40021.74,2,0
Tennessee,Operations South,Chattanooga,TE Managed Group A,Reporting Pod 1,Chattanooga Pod 2,Dr. Patel 2,Morgan Brooks,DEMO-000323,1.12,0.879,0.383,37279.47,1,0
Tennessee,Operations South,Chattanooga,TE Managed Group A,Reporting Pod 1,Chattanooga Pod 2,Dr. Patel 2,Morgan Morales,DEMO-000324,1.12,0.776,0.338,4218.87,2,0
Tennessee,Operations South,Chattanooga,TE Managed Group A,Reporting Pod 2,Chattanooga Pod 1,Dr. Morales 1,Avery Brooks,DEMO-000325,1.48,0.91,0.423,8338.15,1,0
Tennessee,Operations South,Chattanooga,TE Managed Group A,Reporting Pod 2,Chattanooga Pod 1,Dr. Morales 1,Blake Patel,DEMO-000326,0.94,0.817,0.595,6834.04,1,0
Tennessee,Operations South,Chattanooga,TE Managed Group A,Reporting Pod 2,Chattanooga Pod 1,Dr. Morales 1,Parker Ali,DEMO-000327,0.91,0.778,0.159,13823.8,1,0
Tennessee,Operations South,Chattanooga,TE Managed Group A,Reporting Pod 2,Chattanooga Pod 1,Dr. Morales 1,Blake Cooper,DEMO-000328,0.86,0.815,0.073,2896.74,0,0
Tennessee,Operations South,Chattanooga,TE Managed Group A,Reporting Pod 2,Chattanooga Pod 1,Dr. Morales 1,Harper Wright,DEMO-000329,0.94,0.86,0.234,4399.22,1,1
Tennessee,Operations South,Chattanooga,TE Managed Group A,Reporting Pod 2,Chattanooga Pod 1,Dr. Morales 1,Emerson Turner,DEMO-000330,1.21,0.947,0.436,6047.26,1,0
Tennessee,Operations South,Chattanooga,TE Managed Group A,Reporting Pod 2,Chattanooga Pod 1,Dr. Morales 1,Morgan Cooper,DEMO-000331,1.73,0.743,0.549,4170.38,2,0
Tennessee,Operations South,Chattanooga,TE Managed Group A,Reporting Pod 2,Chattanooga Pod 1,Dr. Morales 1,Quinn Kim,DEMO-000332,0.94,0.858,0.124,1077.19,1,0
Tennessee,Operations South,Chattanooga,TE Managed Group A,Reporting Pod 2,Chattanooga Pod 1,Dr. Morales 1,Morgan Shah,DEMO-000333,1.12,0.574,0.277,2629.7,0,2
Tennessee,Operations South,Chattanooga,TE Managed Group A,Reporting Pod 2,Chattanooga Pod 1,Dr. Carter 2,Jordan Santos,DEMO-000334,1.71,0.943,0.755,9985.98,0,0
Tennessee,Operations South,Chattanooga,TE Managed Group A,Reporting Pod 2,Chattanooga Pod 1,Dr. Carter 2,Kai Kim,DEMO-000335,1.06,0.885,0.139,2132.02,1,0
Tennessee,Operations South,Chattanooga,TE Managed Group A,Reporting Pod 2,Chattanooga Pod 1,Dr. Carter 2,Avery Carter,DEMO-000336,0.89,0.767,0.361,3702.57,0,0
Tennessee,Operations South,Chattanooga,TE Managed Group A,Reporting Pod 2,Chattanooga Pod 1,Dr. Carter 2,Alex Kim,DEMO-000337,1.0,0.847,0.56,10709.36,0,0
Tennessee,Operations South,Chattanooga,TE Managed Group A,Reporting Pod 2,Chattanooga Pod 1,Dr. Carter 2,Morgan Brooks,DEMO-000338,0.92,1.0,0.198,25159.44,0,0
Tennessee,Operations South,Chattanooga,TE Managed Group A,Reporting Pod 2,Chattanooga Pod 1,Dr. Carter 2,Casey Brooks,DEMO-000339,0.85,0.858,0.285,4547.71,1,0
Tennessee,Operations South,Chattanooga,TE Managed Group A,Reporting Pod 2,Chattanooga Pod 1,Dr. Carter 2,Alex Cooper,DEMO-000340,1.31,0.93,0.2,6556.49,2,0
Tennessee,Operations South,Chattanooga,TE Managed Group A,Reporting Pod 2,Chattanooga Pod 1,Dr. Carter 2,Harper Foster,DEMO-000341,1.76,0.776,0.632,11639.82,2,0
Tennessee,Operations South,Chattanooga,TE Managed Group A,Reporting Pod 2,Chattanooga Pod 1,Dr. Carter 2,Rowan Brooks,DEMO-000342,0.9,0.826,0.248,1475.41,1,1
Tennessee,Operations South,Chattanooga,TE Managed Group A,Reporting Pod 2,Chattanooga Pod 2,Dr. Shah 1,Jordan Foster,DEMO-000343,1.15,0.649,0.483,3319.56,1,0
Tennessee,Operations South,Chattanooga,TE Managed Group A,Reporting Pod 2,Chattanooga Pod 2,Dr. Shah 1,Blake Shah,DEMO-000344,1.59,0.727,0.58,11472.37,0,1
Tennessee,Operations South,Chattanooga,TE Managed Group A,Reporting Pod 2,Chattanooga Pod 2,Dr. Shah 1,Alex Hughes,DEMO-000345,1.28,0.955,0.373,3321.37,3,0
Tennessee,Operations South,Chattanooga,TE Managed Group A,Reporting Pod 2,Chattanooga Pod 2,Dr. Shah 1,Kai Wright,DEMO-000346,1.9,0.889,0.511,7993.25,2,0
Tennessee,Operations South,Chattanooga,TE Managed Group A,Reporting Pod 2,Chattanooga Pod 2,Dr. Shah 1,Kai Turner,DEMO-000347,1.31,0.996,0.513,7492.89,2,1
Tennessee,Operations South,Chattanooga,TE Managed Group A,Reporting Pod 2,Chattanooga Pod 2,Dr. Shah 1,Taylor Ali,DEMO-000348,1.02,0.743,0.226,8051.47,0,0
Tennessee,Operations South,Chattanooga,TE Managed Group A,Reporting Pod 2,Chattanooga Pod 2,Dr. Shah 1,Morgan Turner,DEMO-000349,1.22,1.0,0.568,6923.73,2,1
Tennessee,Operations South,Chattanooga,TE Managed Group A,Reporting Pod 2,Chattanooga Pod 2,Dr. Shah 1,Morgan Santos,DEMO-000350,1.22,0.799,0.416,11056.19,0,0
Tennessee,Operations South,Chattanooga,TE Managed Group A,Reporting Pod 2,Chattanooga Pod 2,Dr. Shah 1,Alex Brooks,DEMO-000351,1.28,0.871,0.481,9584.1,1,0
Tennessee,Operations South,Chattanooga,TE Managed Group A,Reporting Pod 2,Chattanooga Pod 2,Dr. Brooks 2,Emerson Ali,DEMO-000352,1.29,0.76,0.516,1592.47,2,2
Tennessee,Operations South,Chattanooga,TE Managed Group A,Reporting Pod 2,Chattanooga Pod 2,Dr. Brooks 2,Emerson Santos,DEMO-000353,1.29,0.843,0.194,4083.07,0,0
Tennessee,Operations South,Chattanooga,TE Managed Group A,Reporting Pod 2,Chattanooga Pod 2,Dr. Brooks 2,Kai Chen,DEMO-000354,1.11,0.747,0.124,2273.67,1,0
Tennessee,Operations South,Chattanooga,TE Managed Group A,Reporting Pod 2,Chattanooga Pod 2,Dr. Brooks 2,Morgan Bennett,DEMO-000355,1.33,1.0,0.306,4520.43,0,0
Tennessee,Operations South,Chattanooga,TE Managed Group A,Reporting Pod 2,Chattanooga Pod 2,Dr. Brooks 2,Harper Bennett,DEMO-000356,0.99,0.884,0.303,3350.86,1,0
Tennessee,Operations South,Chattanooga,TE Managed Group A,Reporting Pod 2,Chattanooga Pod 2,Dr. Brooks 2,Blake Patel,DEMO-000357,1.47,0.894,0.386,5720.49,0,1
Tennessee,Operations South,Chattanooga,TE Managed Group A,Reporting Pod 2,Chattanooga Pod 2,Dr. Brooks 2,Harper Hughes,DEMO-000358,1.13,0.745,0.242,13260.89,0,0
Tennessee,Operations South,Chattanooga,TE Managed Group A,Reporting Pod 2,Chattanooga Pod 2,Dr. Brooks 2,Reese Patel,DEMO-000359,0.98,1.0,0.597,6647.31,0,1
Tennessee,Operations South,Chattanooga,TE Managed Group A,Reporting Pod 2,Chattanooga Pod 2,Dr. Brooks 2,Kai Ali,DEMO-000360,0.72,0.966,0.214,7097.4,1,1
Tennessee,Operations South,Chattanooga,TE Managed Group B,Reporting Pod 1,Chattanooga Pod 1,Dr. Turner 1,Drew Chen,DEMO-000361,1.04,0.973,0.185,7651.36,2,0
Tennessee,Operations South,Chattanooga,TE Managed Group B,Reporting Pod 1,Chattanooga Pod 1,Dr. Turner 1,Avery Cooper,DEMO-000362,1.23,0.881,0.768,8653.55,1,0
Tennessee,Operations South,Chattanooga,TE Managed Group B,Reporting Pod 1,Chattanooga Pod 1,Dr. Turner 1,Riley Brooks,DEMO-000363,0.73,0.951,0.138,7222.58,2,0
Tennessee,Operations South,Chattanooga,TE Managed Group B,Reporting Pod 1,Chattanooga Pod 1,Dr. Turner 1,Taylor Turner,DEMO-000364,1.49,1.0,0.738,19804.51,0,0
Tennessee,Operations South,Chattanooga,TE Managed Group B,Reporting Pod 1,Chattanooga Pod 1,Dr. Turner 1,Kai Chen,DEMO-000365,1.45,0.801,0.272,5113.34,3,0
Tennessee,Operations South,Chattanooga,TE Managed Group B,Reporting Pod 1,Chattanooga Pod 1,Dr. Turner 1,Alex Ali,DEMO-000366,1.47,0.763,0.833,30765.31,1,0
Tennessee,Operations South,Chattanooga,TE Managed Group B,Reporting Pod 1,Chattanooga Pod 1,Dr. Turner 1,Avery Kim,DEMO-000367,1.49,0.804,0.503,6317.74,0,0
Tennessee,Operations South,Chattanooga,TE Managed Group B,Reporting Pod 1,Chattanooga Pod 1,Dr. Turner 1,Reese Kim,DEMO-000368,1.27,0.808,0.308,6546.61,0,0
Tennessee,Operations South,Chattanooga,TE Managed Group B,Reporting Pod 1,Chattanooga Pod 1,Dr. Turner 1,Emerson Wright,DEMO-000369,1.69,0.886,0.586,2296.51,1,2
Tennessee,Operations South,Chattanooga,TE Managed Group B,Reporting Pod 1,Chattanooga Pod 1,Dr. Bennett 2,Reese Bennett,DEMO-000370,1.35,0.806,0.573,14926.4,0,0
Tennessee,Operations South,Chattanooga,TE Managed Group B,Reporting Pod 1,Chattanooga Pod 1,Dr. Bennett 2,Harper Hughes,DEMO-000371,1.26,0.709,0.685,6015.77,3,1
Tennessee,Operations South,Chattanooga,TE Managed Group B,Reporting Pod 1,Chattanooga Pod 1,Dr. Bennett 2,Blake Foster,DEMO-000372,1.37,0.625,0.21,2996.94,1,1
Tennessee,Operations South,Chattanooga,TE Managed Group B,Reporting Pod 1,Chattanooga Pod 1,Dr. Bennett 2,Rowan Carter,DEMO-000373,1.06,0.75,0.222,5347.63,0,0
Tennessee,Operations South,Chattanooga,TE Managed Group B,Reporting Pod 1,Chattanooga Pod 1,Dr. Bennett 2,Parker Morales,DEMO-000374,0.88,0.911,0.04,5386.62,0,0
Tennessee,Operations South,Chattanooga,TE Managed Group B,Reporting Pod 1,Chattanooga Pod 1,Dr. Bennett 2,Reese Morales,DEMO-000375,0.89,0.622,0.284,6021.4,0,1
Tennessee,Operations South,Chattanooga,TE Managed Group B,Reporting Pod 1,Chattanooga Pod 1,Dr. Bennett 2,Parker Carter,DEMO-000376,0.81,0.968,0.181,7477.98,0,1
Tennessee,Operations South,Chattanooga,TE Managed Group B,Reporting Pod 1,Chattanooga Pod 1,Dr. Bennett 2,Quinn Turner,DEMO-000377,0.69,0.784,0.071,5939.9,2,0
Tennessee,Operations South,Chattanooga,TE Managed Group B,Reporting Pod 1,Chattanooga Pod 1,Dr. Bennett 2,Blake Hughes,DEMO-000378,1.25,0.878,0.534,5384.31,1,0
Tennessee,Operations South,Chattanooga,TE Managed Group B,Reporting Pod 1,Chattanooga Pod 2,Dr. Wright 1,Quinn Turner,DEMO-000379,1.2,0.813,0.179,4693.09,1,0
Tennessee,Operations South,Chattanooga,TE Managed Group B,Reporting Pod 1,Chattanooga Pod 2,Dr. Wright 1,Casey Morales,DEMO-000380,2.03,0.67,0.732,3376.26,2,0
Tennessee,Operations South,Chattanooga,TE Managed Group B,Reporting Pod 1,Chattanooga Pod 2,Dr. Wright 1,Alex Brooks,DEMO-000381,1.13,0.785,0.574,16181.94,3,0
Tennessee,Operations South,Chattanooga,TE Managed Group B,Reporting Pod 1,Chattanooga Pod 2,Dr. Wright 1,Blake Cooper,DEMO-000382,1.36,1.0,0.198,4938.63,1,0
Tennessee,Operations South,Chattanooga,TE Managed Group B,Reporting Pod 1,Chattanooga Pod 2,Dr. Wright 1,Avery Turner,DEMO-000383,1.62,0.756,0.488,3739.2,3,1
Tennessee,Operations South,Chattanooga,TE Managed Group B,Reporting Pod 1,Chattanooga Pod 2,Dr. Wright 1,Avery Wright,DEMO-000384,1.01,0.811,0.183,1949.48,0,1
Tennessee,Operations South,Chattanooga,TE Managed Group B,Reporting Pod 1,Chattanooga Pod 2,Dr. Wright 1,Riley Kim,DEMO-000385,1.59,0.556,0.696,4152.95,3,1
Tennessee,Operations South,Chattanooga,TE Managed Group B,Reporting Pod 1,Chattanooga Pod 2,Dr. Wright 1,Emerson Chen,DEMO-000386,1.65,0.565,0.686,10023.17,2,0
Tennessee,Operations South,Chattanooga,TE Managed Group B,Reporting Pod 1,Chattanooga Pod 2,Dr. Wright 1,Drew Carter,DEMO-000387,1.13,0.941,0.301,8032.05,0,1
Tennessee,Operations South,Chattanooga,TE Managed Group B,Reporting Pod 1,Chattanooga Pod 2,Dr. Santos 2,Taylor Cooper,DEMO-000388,0.88,0.905,0.165,6000.56,3,0
Tennessee,Operations South,Chattanooga,TE Managed Group B,Reporting Pod 1,Chattanooga Pod 2,Dr. Santos 2,Emerson Carter,DEMO-000389,1.49,0.886,0.209,4267.92,1,0
Tennessee,Operations South,Chattanooga,TE Managed Group B,Reporting Pod 1,Chattanooga Pod 2,Dr. Santos 2,Drew Kim,DEMO-000390,1.53,0.723,0.434,2391.89,0,2
Tennessee,Operations South,Chattanooga,TE Managed Group B,Reporting Pod 1,Chattanooga Pod 2,Dr. Santos 2,Alex Ali,DEMO-000391,0.81,0.819,0.151,11476.24,1,0
Tennessee,Operations South,Chattanooga,TE Managed Group B,Reporting Pod 1,Chattanooga Pod 2,Dr. Santos 2,Drew Wright,DEMO-000392,1.55,0.763,0.468,6788.32,1,0
Tennessee,Operations South,Chattanooga,TE Managed Group B,Reporting Pod 1,Chattanooga Pod 2,Dr. Santos 2,Quinn Morales,DEMO-000393,1.46,0.571,0.546,6845.9,0,2
Tennessee,Operations South,Chattanooga,TE Managed Group B,Reporting Pod 1,Chattanooga Pod 2,Dr. Santos 2,Reese Bennett,DEMO-000394,1.69,0.767,0.555,1203.78,1,0
Tennessee,Operations South,Chattanooga,TE Managed Group B,Reporting Pod 1,Chattanooga Pod 2,Dr. Santos 2,Taylor Chen,DEMO-000395,1.16,0.893,0.123,6627.84,0,0
Tennessee,Operations South,Chattanooga,TE Managed Group B,Reporting Pod 1,Chattanooga Pod 2,Dr. Santos 2,Drew Kim,DEMO-000396,0.49,0.854,0.427,6758.75,0,2
Tennessee,Operations South,Chattanooga,TE Managed Group B,Reporting Pod 2,Chattanooga Pod 1,Dr. Foster 1,Taylor Santos,DEMO-000397,0.92,0.947,0.309,7209.56,0,1
Tennessee,Operations South,Chattanooga,TE Managed Group B,Reporting Pod 2,Chattanooga Pod 1,Dr. Foster 1,Parker Hughes,DEMO-000398,1.55,0.866,0.34,8109.6,1,0
Tennessee,Operations South,Chattanooga,TE Managed Group B,Reporting Pod 2,Chattanooga Pod 1,Dr. Foster 1,Blake Carter,DEMO-000399,1.67,0.796,0.638,12119.51,2,0
Tennessee,Operations South,Chattanooga,TE Managed Group B,Reporting Pod 2,Chattanooga Pod 1,Dr. Foster 1,Parker Morales,DEMO-000400,1.46,0.837,0.306,2854.97,1,0
Tennessee,Operations South,Chattanooga,TE Managed Group B,Reporting Pod 2,Chattanooga Pod 1,Dr. Foster 1,Quinn Hughes,DEMO-000401,1.88,0.436,0.362,3096.97,1,0
Tennessee,Operations South,Chattanooga,TE Managed Group B,Reporting Pod 2,Chattanooga Pod 1,Dr. Foster 1,Emerson Patel,DEMO-000402,1.02,0.887,0.449,4045.78,2,0
Tennessee,Operations South,Chattanooga,TE Managed Group B,Reporting Pod 2,Chattanooga Pod 1,Dr. Foster 1,Rowan Cooper,DEMO-000403,0.96,0.739,0.278,14909.13,2,0
Tennessee,Operations South,Chattanooga,TE Managed Group B,Reporting Pod 2,Chattanooga Pod 1,Dr. Foster 1,Avery Brooks,DEMO-000404,0.99,0.95,0.26,7226.22,1,0
Tennessee,Operations South,Chattanooga,TE Managed Group B,Reporting Pod 2,Chattanooga Pod 1,Dr. Foster 1,Drew Santos,DEMO-000405,1.96,0.848,0.504,4235.94,4,0
Tennessee,Operations South,Chattanooga,TE Managed Group B,Reporting Pod 2,Chattanooga Pod 1,Dr. Chen 2,Rowan Brooks,DEMO-000406,1.31,0.99,0.271,7082.5,0,1
Tennessee,Operations South,Chattanooga,TE Managed Group B,Reporting Pod 2,Chattanooga Pod 1,Dr. Chen 2,Taylor Bennett,DEMO-000407,1.12,0.639,0.338,2197.74,1,0
Tennessee,Operations South,Chattanooga,TE Managed Group B,Reporting Pod 2,Chattanooga Pod 1,Dr. Chen 2,Quinn Santos,DEMO-000408,1.05,0.819,0.205,10569.43,1,0
Tennessee,Operations South,Chattanooga,TE Managed Group B,Reporting Pod 2,Chattanooga Pod 1,Dr. Chen 2,Avery Wright,DEMO-000409,1.36,0.684,0.427,8954.4,2,1
Tennessee,Operations South,Chattanooga,TE Managed Group B,Reporting Pod 2,Chattanooga Pod 1,Dr. Chen 2,Drew Shah,DEMO-000410,1.03,0.698,0.285,5405.65,0,0
Tennessee,Operations South,Chattanooga,TE Managed Group B,Reporting Pod 2,Chattanooga Pod 1,Dr. Chen 2,Blake Kim,DEMO-000411,0.5,0.79,0.219,22760.69,1,1
Tennessee,Operations South,Chattanooga,TE Managed Group B,Reporting Pod 2,Chattanooga Pod 1,Dr. Chen 2,Kai Morales,DEMO-000412,1.26,0.79,0.37,5291.24,1,0
Tennessee,Operations South,Chattanooga,TE Managed Group B,Reporting Pod 2,Chattanooga Pod 1,Dr. Chen 2,Kai Wright,DEMO-000413,1.31,1.0,0.437,4247.93,1,0
Tennessee,Operations South,Chattanooga,TE Managed Group B,Reporting Pod 2,Chattanooga Pod 1,Dr. Chen 2,Morgan Santos,DEMO-000414,1.65,0.811,0.562,3664.79,0,0
Tennessee,Operations South,Chattanooga,TE Managed Group B,Reporting Pod 2,Chattanooga Pod 2,Dr. Cooper 1,Kai Cooper,DEMO-000415,0.54,0.96,0.018,2595.6,0,0
Tennessee,Operations South,Chattanooga,TE Managed Group B,Reporting Pod 2,Chattanooga Pod 2,Dr. Cooper 1,Riley Wright,DEMO-000416,1.34,0.57,0.514,2847.42,0,0
Tennessee,Operations South,Chattanooga,TE Managed Group B,Reporting Pod 2,Chattanooga Pod 2,Dr. Cooper 1,Drew Morales,DEMO-000417,1.19,0.89,0.475,4862.65,1,1
Tennessee,Operations South,Chattanooga,TE Managed Group B,Reporting Pod 2,Chattanooga Pod 2,Dr. Cooper 1,Rowan Wright,DEMO-000418,1.0,0.77,0.136,4749.71,1,0
Tennessee,Operations South,Chattanooga,TE Managed Group B,Reporting Pod 2,Chattanooga Pod 2,Dr. Cooper 1,Harper Foster,DEMO-000419,0.73,0.682,0.045,3395.45,1,0
Tennessee,Operations South,Chattanooga,TE Managed Group B,Reporting Pod 2,Chattanooga Pod 2,Dr. Cooper 1,Reese Patel,DEMO-000420,0.74,0.666,0.175,1443.07,0,1
Tennessee,Operations South,Chattanooga,TE Managed Group B,Reporting Pod 2,Chattanooga Pod 2,Dr. Cooper 1,Avery Carter,DEMO-000421,0.72,0.709,0.164,1867.67,0,0
Tennessee,Operations South,Chattanooga,TE Managed Group B,Reporting Pod 2,Chattanooga Pod 2,Dr. Cooper 1,Harper Patel,DEMO-000422,0.85,0.756,0.464,24231.61,1,2
Tennessee,Operations South,Chattanooga,TE Managed Group B,Reporting Pod 2,Chattanooga Pod 2,Dr. Cooper 1,Rowan Rivera,DEMO-000423,0.71,0.741,0.084,5031.94,1,1
Tennessee,Operations South,Chattanooga,TE Managed Group B,Reporting Pod 2,Chattanooga Pod 2,Dr. Ali 2,Harper Wright,DEMO-000424,1.21,0.945,0.246,7884.76,0,0
Tennessee,Operations South,Chattanooga,TE Managed Group B,Reporting Pod 2,Chattanooga Pod 2,Dr. Ali 2,Kai Turner,DEMO-000425,1.01,0.858,0.215,14875.49,0,0
Tennessee,Operations South,Chattanooga,TE Managed Group B,Reporting Pod 2,Chattanooga Pod 2,Dr. Ali 2,Quinn Bennett,DEMO-000426,1.19,0.898,0.272,12499.6,4,0
Tennessee,Operations South,Chattanooga,TE Managed Group B,Reporting Pod 2,Chattanooga Pod 2,Dr. Ali 2,Quinn Cooper,DEMO-000427,1.48,0.662,0.566,9680.35,1,0
Tennessee,Operations South,Chattanooga,TE Managed Group B,Reporting Pod 2,Chattanooga Pod 2,Dr. Ali 2,Casey Chen,DEMO-000428,0.76,0.93,0.251,6139.9,1,0
Tennessee,Operations South,Chattanooga,TE Managed Group B,Reporting Pod 2,Chattanooga Pod 2,Dr. Ali 2,Harper Rivera,DEMO-000429,1.23,0.999,0.504,9434.07,2,0
Tennessee,Operations South,Chattanooga,TE Managed Group B,Reporting Pod 2,Chattanooga Pod 2,Dr. Ali 2,Taylor Morales,DEMO-000430,1.64,0.761,0.463,21986.06,1,0
Tennessee,Operations South,Chattanooga,TE Managed Group B,Reporting Pod 2,Chattanooga Pod 2,Dr. Ali 2,Taylor Bennett,DEMO-000431,0.79,1.0,0.498,6975.1,1,0
Tennessee,Operations South,Chattanooga,TE Managed Group B,Reporting Pod 2,Chattanooga Pod 2,Dr. Ali 2,Rowan Carter,DEMO-000432,1.24,0.722,0.501,3228.56,2,1
Tennessee,Operations South,Nashville,TE Managed Group A,Reporting Pod 1,Nashville Pod 1,Dr. Rivera 1,Blake Hughes,DEMO-000433,1.09,0.738,0.206,7679.44,2,0
Tennessee,Operations South,Nashville,TE Managed Group A,Reporting Pod 1,Nashville Pod 1,Dr. Rivera 1,Taylor Turner,DEMO-000434,0.98,0.802,0.312,3956.67,3,0
Tennessee,Operations South,Nashville,TE Managed Group A,Reporting Pod 1,Nashville Pod 1,Dr. Rivera 1,Alex Patel,DEMO-000435,0.83,0.822,0.415,2204.65,3,0
Tennessee,Operations South,Nashville,TE Managed Group A,Reporting Pod 1,Nashville Pod 1,Dr. Rivera 1,Quinn Chen,DEMO-000436,1.71,0.676,0.67,3506.4,2,1
Tennessee,Operations South,Nashville,TE Managed Group A,Reporting Pod 1,Nashville Pod 1,Dr. Rivera 1,Taylor Carter,DEMO-000437,1.4,0.973,0.255,9293.66,0,0
Tennessee,Operations South,Nashville,TE Managed Group A,Reporting Pod 1,Nashville Pod 1,Dr. Rivera 1,Emerson Carter,DEMO-000438,1.64,0.731,0.733,4678.86,3,1
Tennessee,Operations South,Nashville,TE Managed Group A,Reporting Pod 1,Nashville Pod 1,Dr. Rivera 1,Kai Rivera,DEMO-000439,1.33,0.679,0.506,6805.18,2,1
Tennessee,Operations South,Nashville,TE Managed Group A,Reporting Pod 1,Nashville Pod 1,Dr. Rivera 1,Jordan Wright,DEMO-000440,0.9,0.551,0.23,9539.06,0,2
Tennessee,Operations South,Nashville,TE Managed Group A,Reporting Pod 1,Nashville Pod 1,Dr. Rivera 1,Alex Rivera,DEMO-000441,1.08,0.885,0.503,4258.38,0,0
Tennessee,Operations South,Nashville,TE Managed Group A,Reporting Pod 1,Nashville Pod 1,Dr. Kim 2,Kai Rivera,DEMO-000442,1.52,0.564,0.626,27461.42,2,0
Tennessee,Operations South,Nashville,TE Managed Group A,Reporting Pod 1,Nashville Pod 1,Dr. Kim 2,Avery Rivera,DEMO-000443,1.75,0.628,0.672,21618.61,0,0
Tennessee,Operations South,Nashville,TE Managed Group A,Reporting Pod 1,Nashville Pod 1,Dr. Kim 2,Taylor Kim,DEMO-000444,1.37,0.742,0.544,5899.68,0,0
Tennessee,Operations South,Nashville,TE Managed Group A,Reporting Pod 1,Nashville Pod 1,Dr. Kim 2,Harper Kim,DEMO-000445,1.34,0.779,0.598,2845.95,1,1
Tennessee,Operations South,Nashville,TE Managed Group A,Reporting Pod 1,Nashville Pod 1,Dr. Kim 2,Reese Wright,DEMO-000446,1.24,0.767,0.549,2836.93,1,0
Tennessee,Operations South,Nashville,TE Managed Group A,Reporting Pod 1,Nashville Pod 1,Dr. Kim 2,Emerson Bennett,DEMO-000447,1.72,0.842,0.883,3021.74,6,1
Tennessee,Operations South,Nashville,TE Managed Group A,Reporting Pod 1,Nashville Pod 1,Dr. Kim 2,Harper Bennett,DEMO-000448,1.57,0.8,0.33,2212.38,2,0
Tennessee,Operations South,Nashville,TE Managed Group A,Reporting Pod 1,Nashville Pod 1,Dr. Kim 2,Drew Turner,DEMO-000449,1.78,0.732,0.432,3375.03,1,0
Tennessee,Operations South,Nashville,TE Managed Group A,Reporting Pod 1,Nashville Pod 1,Dr. Kim 2,Reese Carter,DEMO-000450,1.15,1.0,0.26,2717.97,1,0
Tennessee,Operations South,Nashville,TE Managed Group A,Reporting Pod 1,Nashville Pod 2,Dr. Hughes 1,Quinn Hughes,DEMO-000451,1.23,0.915,0.153,12587.27,2,0
Tennessee,Operations South,Nashville,TE Managed Group A,Reporting Pod 1,Nashville Pod 2,Dr. Hughes 1,Taylor Carter,DEMO-000452,1.03,0.753,0.453,2457.42,0,1
Tennessee,Operations South,Nashville,TE Managed Group A,Reporting Pod 1,Nashville Pod 2,Dr. Hughes 1,Taylor Kim,DEMO-000453,1.28,0.727,0.218,11527.13,0,0
Tennessee,Operations South,Nashville,TE Managed Group A,Reporting Pod 1,Nashville Pod 2,Dr. Hughes 1,Alex Carter,DEMO-000454,1.37,0.792,0.446,5313.33,3,1
Tennessee,Operations South,Nashville,TE Managed Group A,Reporting Pod 1,Nashville Pod 2,Dr. Hughes 1,Kai Hughes,DEMO-000455,1.33,0.923,0.3,3588.44,1,1
Tennessee,Operations South,Nashville,TE Managed Group A,Reporting Pod 1,Nashville Pod 2,Dr. Hughes 1,Emerson Foster,DEMO-000456,1.84,0.93,0.658,22876.23,1,0
Tennessee,Operations South,Nashville,TE Managed Group A,Reporting Pod 1,Nashville Pod 2,Dr. Hughes 1,Blake Ali,DEMO-000457,0.7,0.915,0.101,6810.1,0,0
Tennessee,Operations South,Nashville,TE Managed Group A,Reporting Pod 1,Nashville Pod 2,Dr. Hughes 1,Kai Shah,DEMO-000458,1.04,0.718,0.375,8813.68,0,0
Tennessee,Operations South,Nashville,TE Managed Group A,Reporting Pod 1,Nashville Pod 2,Dr. Hughes 1,Drew Santos,DEMO-000459,1.42,0.641,0.523,12192.34,2,0
Tennessee,Operations South,Nashville,TE Managed Group A,Reporting Pod 1,Nashville Pod 2,Dr. Patel 2,Emerson Cooper,DEMO-000460,1.04,0.807,0.399,15827.46,0,0
Tennessee,Operations South,Nashville,TE Managed Group A,Reporting Pod 1,Nashville Pod 2,Dr. Patel 2,Quinn Santos,DEMO-000461,1.03,1.0,0.157,16283.75,0,0
Tennessee,Operations South,Nashville,TE Managed Group A,Reporting Pod 1,Nashville Pod 2,Dr. Patel 2,Riley Chen,DEMO-000462,1.19,0.836,0.162,10166.71,2,0
Tennessee,Operations South,Nashville,TE Managed Group A,Reporting Pod 1,Nashville Pod 2,Dr. Patel 2,Avery Wright,DEMO-000463,1.22,1.0,0.251,3201.66,1,0
Tennessee,Operations South,Nashville,TE Managed Group A,Reporting Pod 1,Nashville Pod 2,Dr. Patel 2,Emerson Turner,DEMO-000464,1.85,0.842,0.755,9986.92,1,0
Tennessee,Operations South,Nashville,TE Managed Group A,Reporting Pod 1,Nashville Pod 2,Dr. Patel 2,Morgan Rivera,DEMO-000465,1.21,0.835,0.53,6667.07,3,0
Tennessee,Operations South,Nashville,TE Managed Group A,Reporting Pod 1,Nashville Pod 2,Dr. Patel 2,Emerson Wright,DEMO-000466,1.42,0.786,0.097,5255.99,0,0
Tennessee,Operations South,Nashville,TE Managed Group A,Reporting Pod 1,Nashville Pod 2,Dr. Patel 2,Alex Turner,DEMO-000467,1.09,0.916,0.27,6738.47,0,0
Tennessee,Operations South,Nashville,TE Managed Group A,Reporting Pod 1,Nashville Pod 2,Dr. Patel 2,Alex Turner,DEMO-000468,1.37,0.795,0.222,10125.85,0,0
Tennessee,Operations South,Nashville,TE Managed Group A,Reporting Pod 2,Nashville Pod 1,Dr. Morales 1,Riley Shah,DEMO-000469,1.98,0.604,0.765,6889.92,1,1
Tennessee,Operations South,Nashville,TE Managed Group A,Reporting Pod 2,Nashville Pod 1,Dr. Morales 1,Riley Bennett,DEMO-000470,1.34,0.963,0.326,4713.19,2,0
Tennessee,Operations South,Nashville,TE Managed Group A,Reporting Pod 2,Nashville Pod 1,Dr. Morales 1,Emerson Morales,DEMO-000471,1.38,0.979,0.309,4021.72,3,0
Tennessee,Operations South,Nashville,TE Managed Group A,Reporting Pod 2,Nashville Pod 1,Dr. Morales 1,Parker Cooper,DEMO-000472,1.19,0.86,0.54,4559.65,0,0
Tennessee,Operations South,Nashville,TE Managed Group A,Reporting Pod 2,Nashville Pod 1,Dr. Morales 1,Blake Rivera,DEMO-000473,0.91,0.706,0.22,3420.91,1,0
Tennessee,Operations South,Nashville,TE Managed Group A,Reporting Pod 2,Nashville Pod 1,Dr. Morales 1,Kai Carter,DEMO-000474,0.99,0.749,0.154,1774.68,1,0
Tennessee,Operations South,Nashville,TE Managed Group A,Reporting Pod 2,Nashville Pod 1,Dr. Morales 1,Emerson Bennett,DEMO-000475,1.69,0.492,0.719,18107.17,2,1
Tennessee,Operations South,Nashville,TE Managed Group A,Reporting Pod 2,Nashville Pod 1,Dr. Morales 1,Morgan Rivera,DEMO-000476,1.0,0.937,0.28,4585.3,1,0
Tennessee,Operations South,Nashville,TE Managed Group A,Reporting Pod 2,Nashville Pod 1,Dr. Morales 1,Jordan Brooks,DEMO-000477,1.0,0.929,0.149,3544.36,0,1
Tennessee,Operations South,Nashville,TE Managed Group A,Reporting Pod 2,Nashville Pod 1,Dr. Carter 2,Alex Morales,DEMO-000478,1.03,0.501,0.333,5071.11,2,0
Tennessee,Operations South,Nashville,TE Managed Group A,Reporting Pod 2,Nashville Pod 1,Dr. Carter 2,Jordan Bennett,DEMO-000479,1.18,0.66,0.599,7537.41,0,0
Tennessee,Operations South,Nashville,TE Managed Group A,Reporting Pod 2,Nashville Pod 1,Dr. Carter 2,Reese Cooper,DEMO-000480,1.11,0.957,0.433,2309.14,1,0
Tennessee,Operations South,Nashville,TE Managed Group A,Reporting Pod 2,Nashville Pod 1,Dr. Carter 2,Parker Turner,DEMO-000481,1.2,0.688,0.408,10704.35,2,0
Tennessee,Operations South,Nashville,TE Managed Group A,Reporting Pod 2,Nashville Pod 1,Dr. Carter 2,Alex Turner,DEMO-000482,0.86,0.869,0.247,2558.54,1,0
Tennessee,Operations South,Nashville,TE Managed Group A,Reporting Pod 2,Nashville Pod 1,Dr. Carter 2,Drew Bennett,DEMO-000483,1.68,0.971,0.611,22103.79,0,0
Tennessee,Operations South,Nashville,TE Managed Group A,Reporting Pod 2,Nashville Pod 1,Dr. Carter 2,Jordan Kim,DEMO-000484,1.38,0.811,0.424,7328.32,3,2
Tennessee,Operations South,Nashville,TE Managed Group A,Reporting Pod 2,Nashville Pod 1,Dr. Carter 2,Kai Bennett,DEMO-000485,1.37,0.775,0.634,12958.61,1,1
Tennessee,Operations South,Nashville,TE Managed Group A,Reporting Pod 2,Nashville Pod 1,Dr. Carter 2,Drew Foster,DEMO-000486,0.77,0.898,0.19,13746.27,0,0
Tennessee,Operations South,Nashville,TE Managed Group A,Reporting Pod 2,Nashville Pod 2,Dr. Shah 1,Kai Cooper,DEMO-000487,1.56,0.771,0.639,13613.59,1,1
Tennessee,Operations South,Nashville,TE Managed Group A,Reporting Pod 2,Nashville Pod 2,Dr. Shah 1,Harper Kim,DEMO-000488,0.71,0.884,0.186,4873.07,3,0
Tennessee,Operations South,Nashville,TE Managed Group A,Reporting Pod 2,Nashville Pod 2,Dr. Shah 1,Quinn Bennett,DEMO-000489,1.03,0.822,0.182,4810.4,0,0
Tennessee,Operations South,Nashville,TE Managed Group A,Reporting Pod 2,Nashville Pod 2,Dr. Shah 1,Blake Santos,DEMO-000490,1.53,0.819,0.543,395.91,2,2
Tennessee,Operations South,Nashville,TE Managed Group A,Reporting Pod 2,Nashville Pod 2,Dr. Shah 1,Morgan Santos,DEMO-000491,1.39,0.742,0.391,1812.8,4,2
Tennessee,Operations South,Nashville,TE Managed Group A,Reporting Pod 2,Nashville Pod 2,Dr. Shah 1,Emerson Shah,DEMO-000492,1.39,0.508,0.57,5652.52,3,0
Tennessee,Operations South,Nashville,TE Managed Group A,Reporting Pod 2,Nashville Pod 2,Dr. Shah 1,Alex Wright,DEMO-000493,1.3,0.867,0.372,4172.84,2,0
Tennessee,Operations South,Nashville,TE Managed Group A,Reporting Pod 2,Nashville Pod 2,Dr. Shah 1,Rowan Carter,DEMO-000494,0.94,1.0,0.326,4507.99,2,0
Tennessee,Operations South,Nashville,TE Managed Group A,Reporting Pod 2,Nashville Pod 2,Dr. Shah 1,Riley Kim,DEMO-000495,1.64,1.0,0.25,8335.74,1,1
Tennessee,Operations South,Nashville,TE Managed Group A,Reporting Pod 2,Nashville Pod 2,Dr. Brooks 2,Drew Kim,DEMO-000496,1.47,0.797,0.542,13251.28,2,3
Tennessee,Operations South,Nashville,TE Managed Group A,Reporting Pod 2,Nashville Pod 2,Dr. Brooks 2,Parker Wright,DEMO-000497,1.09,0.842,0.252,9131.65,1,0
Tennessee,Operations South,Nashville,TE Managed Group A,Reporting Pod 2,Nashville Pod 2,Dr. Brooks 2,Rowan Hughes,DEMO-000498,1.3,0.786,0.466,15731.38,1,0
Tennessee,Operations South,Nashville,TE Managed Group A,Reporting Pod 2,Nashville Pod 2,Dr. Brooks 2,Taylor Rivera,DEMO-000499,1.04,0.934,0.065,7164.18,2,0
Tennessee,Operations South,Nashville,TE Managed Group A,Reporting Pod 2,Nashville Pod 2,Dr. Brooks 2,Drew Foster,DEMO-000500,0.92,0.7,0.299,6598.46,0,0
Tennessee,Operations South,Nashville,TE Managed Group A,Reporting Pod 2,Nashville Pod 2,Dr. Brooks 2,Casey Hughes,DEMO-000501,1.45,0.68,0.764,8935.03,4,1
Tennessee,Operations South,Nashville,TE Managed Group A,Reporting Pod 2,Nashville Pod 2,Dr. Brooks 2,Drew Rivera,DEMO-000502,0.84,0.717,0.394,5087.92,1,1
Tennessee,Operations South,Nashville,TE Managed Group A,Reporting Pod 2,Nashville Pod 2,Dr. Brooks 2,Blake Morales,DEMO-000503,1.25,0.851,0.12,3671.44,0,0
Tennessee,Operations South,Nashville,TE Managed Group A,Reporting Pod 2,Nashville Pod 2,Dr. Brooks 2,Taylor Chen,DEMO-000504,1.43,0.727,0.429,2533.29,1,0
Tennessee,Operations South,Nashville,TE Managed Group B,Reporting Pod 1,Nashville Pod 1,Dr. Turner 1,Harper Shah,DEMO-000505,1.53,0.838,0.487,9524.23,1,0
Tennessee,Operations South,Nashville,TE Managed Group B,Reporting Pod 1,Nashville Pod 1,Dr. Turner 1,Riley Patel,DEMO-000506,0.84,0.796,0.491,5768.65,1,1
Tennessee,Operations South,Nashville,TE Managed Group B,Reporting Pod 1,Nashville Pod 1,Dr. Turner 1,Alex Foster,DEMO-000507,1.24,0.816,0.166,1403.08,0,0
Tennessee,Operations South,Nashville,TE Managed Group B,Reporting Pod 1,Nashville Pod 1,Dr. Turner 1,Taylor Shah,DEMO-000508,1.34,1.0,0.266,8860.53,1,1
Tennessee,Operations South,Nashville,TE Managed Group B,Reporting Pod 1,Nashville Pod 1,Dr. Turner 1,Kai Bennett,DEMO-000509,1.7,0.858,0.596,7062.63,4,0
Tennessee,Operations South,Nashville,TE Managed Group B,Reporting Pod 1,Nashville Pod 1,Dr. Turner 1,Jordan Wright,DEMO-000510,1.17,0.874,0.294,20879.78,1,0
Tennessee,Operations South,Nashville,TE Managed Group B,Reporting Pod 1,Nashville Pod 1,Dr. Turner 1,Alex Cooper,DEMO-000511,1.36,0.9,0.632,15389.67,0,2
Tennessee,Operations South,Nashville,TE Managed Group B,Reporting Pod 1,Nashville Pod 1,Dr. Turner 1,Blake Shah,DEMO-000512,1.79,0.963,0.68,28078.4,3,0
Tennessee,Operations South,Nashville,TE Managed Group B,Reporting Pod 1,Nashville Pod 1,Dr. Turner 1,Avery Chen,DEMO-000513,1.24,1.0,0.394,5214.85,1,0
Tennessee,Operations South,Nashville,TE Managed Group B,Reporting Pod 1,Nashville Pod 1,Dr. Bennett 2,Emerson Shah,DEMO-000514,1.28,0.831,0.419,6456.37,1,0
Tennessee,Operations South,Nashville,TE Managed Group B,Reporting Pod 1,Nashville Pod 1,Dr. Bennett 2,Avery Hughes,DEMO-000515,1.81,0.695,0.853,15747.6,0,1
Tennessee,Operations South,Nashville,TE Managed Group B,Reporting Pod 1,Nashville Pod 1,Dr. Bennett 2,Reese Kim,DEMO-000516,1.51,0.867,0.537,8015.79,0,1
Tennessee,Operations South,Nashville,TE Managed Group B,Reporting Pod 1,Nashville Pod 1,Dr. Bennett 2,Avery Turner,DEMO-000517,0.71,0.921,0.448,51207.9,2,0
Tennessee,Operations South,Nashville,TE Managed Group B,Reporting Pod 1,Nashville Pod 1,Dr. Bennett 2,Avery Carter,DEMO-000518,0.78,0.975,0.295,4316.77,1,0
Tennessee,Operations South,Nashville,TE Managed Group B,Reporting Pod 1,Nashville Pod 1,Dr. Bennett 2,Harper Chen,DEMO-000519,1.01,0.885,0.218,5938.63,0,0
Tennessee,Operations South,Nashville,TE Managed Group B,Reporting Pod 1,Nashville Pod 1,Dr. Bennett 2,Morgan Morales,DEMO-000520,1.15,0.703,0.368,15810.71,1,0
Tennessee,Operations South,Nashville,TE Managed Group B,Reporting Pod 1,Nashville Pod 1,Dr. Bennett 2,Casey Hughes,DEMO-000521,1.1,0.925,0.344,6856.38,1,0
Tennessee,Operations South,Nashville,TE Managed Group B,Reporting Pod 1,Nashville Pod 1,Dr. Bennett 2,Emerson Morales,DEMO-000522,0.45,0.912,0.369,8862.42,2,0
Tennessee,Operations South,Nashville,TE Managed Group B,Reporting Pod 1,Nashville Pod 2,Dr. Wright 1,Riley Bennett,DEMO-000523,1.18,0.743,0.077,2501.7,0,1
Tennessee,Operations South,Nashville,TE Managed Group B,Reporting Pod 1,Nashville Pod 2,Dr. Wright 1,Riley Ali,DEMO-000524,1.07,0.657,0.206,7248.46,1,0
Tennessee,Operations South,Nashville,TE Managed Group B,Reporting Pod 1,Nashville Pod 2,Dr. Wright 1,Avery Santos,DEMO-000525,1.52,0.681,0.557,5704.99,1,0
Tennessee,Operations South,Nashville,TE Managed Group B,Reporting Pod 1,Nashville Pod 2,Dr. Wright 1,Rowan Foster,DEMO-000526,1.16,0.964,0.104,3416.36,0,0
Tennessee,Operations South,Nashville,TE Managed Group B,Reporting Pod 1,Nashville Pod 2,Dr. Wright 1,Emerson Rivera,DEMO-000527,1.06,0.747,0.278,2802.68,0,1
Tennessee,Operations South,Nashville,TE Managed Group B,Reporting Pod 1,Nashville Pod 2,Dr. Wright 1,Parker Bennett,DEMO-000528,0.99,0.887,0.4,2894.93,1,0
Tennessee,Operations South,Nashville,TE Managed Group B,Reporting Pod 1,Nashville Pod 2,Dr. Wright 1,Blake Patel,DEMO-000529,0.83,1.0,0.188,2014.25,1,0
Tennessee,Operations South,Nashville,TE Managed Group B,Reporting Pod 1,Nashville Pod 2,Dr. Wright 1,Jordan Foster,DEMO-000530,0.63,0.761,0.104,5571.9,0,0
Tennessee,Operations South,Nashville,TE Managed Group B,Reporting Pod 1,Nashville Pod 2,Dr. Wright 1,Parker Cooper,DEMO-000531,1.29,0.741,0.648,6049.63,1,1
Tennessee,Operations South,Nashville,TE Managed Group B,Reporting Pod 1,Nashville Pod 2,Dr. Santos 2,Jordan Foster,DEMO-000532,1.42,0.694,0.781,9133.82,2,0
Tennessee,Operations South,Nashville,TE Managed Group B,Reporting Pod 1,Nashville Pod 2,Dr. Santos 2,Alex Wright,DEMO-000533,0.67,0.798,0.197,4321.5,0,0
Tennessee,Operations South,Nashville,TE Managed Group B,Reporting Pod 1,Nashville Pod 2,Dr. Santos 2,Quinn Cooper,DEMO-000534,1.46,0.9,0.452,2454.45,2,1
Tennessee,Operations South,Nashville,TE Managed Group B,Reporting Pod 1,Nashville Pod 2,Dr. Santos 2,Emerson Brooks,DEMO-000535,1.09,0.73,0.429,4485.63,1,0
Tennessee,Operations South,Nashville,TE Managed Group B,Reporting Pod 1,Nashville Pod 2,Dr. Santos 2,Quinn Chen,DEMO-000536,0.83,1.0,0.417,24215.52,0,1
Tennessee,Operations South,Nashville,TE Managed Group B,Reporting Pod 1,Nashville Pod 2,Dr. Santos 2,Parker Kim,DEMO-000537,0.48,0.882,0.312,8823.85,1,0
Tennessee,Operations South,Nashville,TE Managed Group B,Reporting Pod 1,Nashville Pod 2,Dr. Santos 2,Parker Shah,DEMO-000538,0.35,0.739,0.165,5188.74,1,0
Tennessee,Operations South,Nashville,TE Managed Group B,Reporting Pod 1,Nashville Pod 2,Dr. Santos 2,Emerson Foster,DEMO-000539,1.29,0.78,0.521,20553.4,4,2
Tennessee,Operations South,Nashville,TE Managed Group B,Reporting Pod 1,Nashville Pod 2,Dr. Santos 2,Reese Chen,DEMO-000540,1.22,0.773,0.604,18998.41,2,0
Tennessee,Operations South,Nashville,TE Managed Group B,Reporting Pod 2,Nashville Pod 1,Dr. Foster 1,Alex Patel,DEMO-000541,1.44,0.796,0.305,3780.39,1,0
Tennessee,Operations South,Nashville,TE Managed Group B,Reporting Pod 2,Nashville Pod 1,Dr. Foster 1,Riley Cooper,DEMO-000542,1.11,1.0,0.263,4471.27,0,0
Tennessee,Operations South,Nashville,TE Managed Group B,Reporting Pod 2,Nashville Pod 1,Dr. Foster 1,Avery Turner,DEMO-000543,1.25,0.785,0.453,11203.66,3,1
Tennessee,Operations South,Nashville,TE Managed Group B,Reporting Pod 2,Nashville Pod 1,Dr. Foster 1,Taylor Rivera,DEMO-000544,1.22,0.955,0.612,16407.23,1,1
Tennessee,Operations South,Nashville,TE Managed Group B,Reporting Pod 2,Nashville Pod 1,Dr. Foster 1,Drew Wright,DEMO-000545,1.04,0.625,0.495,6661.79,1,1
Tennessee,Operations South,Nashville,TE Managed Group B,Reporting Pod 2,Nashville Pod 1,Dr. Foster 1,Kai Cooper,DEMO-000546,1.25,0.799,0.321,5038.46,0,0
Tennessee,Operations South,Nashville,TE Managed Group B,Reporting Pod 2,Nashville Pod 1,Dr. Foster 1,Avery Hughes,DEMO-000547,1.24,0.947,0.262,1350.65,2,0
Tennessee,Operations South,Nashville,TE Managed Group B,Reporting Pod 2,Nashville Pod 1,Dr. Foster 1,Casey Turner,DEMO-000548,1.4,0.695,0.547,18098.41,3,1
Tennessee,Operations South,Nashville,TE Managed Group B,Reporting Pod 2,Nashville Pod 1,Dr. Foster 1,Kai Kim,DEMO-000549,1.01,0.878,0.634,28864.12,3,0
Tennessee,Operations South,Nashville,TE Managed Group B,Reporting Pod 2,Nashville Pod 1,Dr. Chen 2,Avery Wright,DEMO-000550,0.84,0.818,0.233,3789.57,3,0
Tennessee,Operations South,Nashville,TE Managed Group B,Reporting Pod 2,Nashville Pod 1,Dr. Chen 2,Riley Bennett,DEMO-000551,1.61,0.757,0.759,20807.57,2,1
Tennessee,Operations South,Nashville,TE Managed Group B,Reporting Pod 2,Nashville Pod 1,Dr. Chen 2,Casey Hughes,DEMO-000552,1.17,0.838,0.594,4239.63,2,1
Tennessee,Operations South,Nashville,TE Managed Group B,Reporting Pod 2,Nashville Pod 1,Dr. Chen 2,Emerson Patel,DEMO-000553,1.31,0.79,0.292,9489.68,0,0
Tennessee,Operations South,Nashville,TE Managed Group B,Reporting Pod 2,Nashville Pod 1,Dr. Chen 2,Harper Brooks,DEMO-000554,1.2,0.705,0.631,22410.94,0,0
Tennessee,Operations South,Nashville,TE Managed Group B,Reporting Pod 2,Nashville Pod 1,Dr. Chen 2,Morgan Chen,DEMO-000555,1.64,0.765,0.651,2362.33,1,0
Tennessee,Operations South,Nashville,TE Managed Group B,Reporting Pod 2,Nashville Pod 1,Dr. Chen 2,Jordan Shah,DEMO-000556,1.11,0.984,0.416,2331.63,0,1
Tennessee,Operations South,Nashville,TE Managed Group B,Reporting Pod 2,Nashville Pod 1,Dr. Chen 2,Kai Bennett,DEMO-000557,1.41,0.63,0.396,3128.61,2,1
Tennessee,Operations South,Nashville,TE Managed Group B,Reporting Pod 2,Nashville Pod 1,Dr. Chen 2,Quinn Brooks,DEMO-000558,1.03,1.0,0.451,6690.78,4,0
Tennessee,Operations South,Nashville,TE Managed Group B,Reporting Pod 2,Nashville Pod 2,Dr. Cooper 1,Emerson Morales,DEMO-000559,1.86,0.71,0.81,22338.25,3,0
Tennessee,Operations South,Nashville,TE Managed Group B,Reporting Pod 2,Nashville Pod 2,Dr. Cooper 1,Harper Kim,DEMO-000560,1.35,0.852,0.237,9654.59,1,0
Tennessee,Operations South,Nashville,TE Managed Group B,Reporting Pod 2,Nashville Pod 2,Dr. Cooper 1,Kai Foster,DEMO-000561,1.26,0.976,0.553,6887.22,2,0
Tennessee,Operations South,Nashville,TE Managed Group B,Reporting Pod 2,Nashville Pod 2,Dr. Cooper 1,Alex Cooper,DEMO-000562,1.5,0.756,0.344,10536.29,2,0
Tennessee,Operations South,Nashville,TE Managed Group B,Reporting Pod 2,Nashville Pod 2,Dr. Cooper 1,Drew Carter,DEMO-000563,1.1,0.921,0.218,6226.0,1,0
Tennessee,Operations South,Nashville,TE Managed Group B,Reporting Pod 2,Nashville Pod 2,Dr. Cooper 1,Parker Turner,DEMO-000564,1.35,0.771,0.07,3767.82,1,0
Tennessee,Operations South,Nashville,TE Managed Group B,Reporting Pod 2,Nashville Pod 2,Dr. Cooper 1,Drew Santos,DEMO-000565,1.03,0.698,0.155,4895.56,1,0
Tennessee,Operations South,Nashville,TE Managed Group B,Reporting Pod 2,Nashville Pod 2,Dr. Cooper 1,Quinn Shah,DEMO-000566,1.58,0.872,0.508,7424.99,1,1
Tennessee,Operations South,Nashville,TE Managed Group B,Reporting Pod 2,Nashville Pod 2,Dr. Cooper 1,Kai Brooks,DEMO-000567,0.88,0.631,0.263,2602.74,3,0
Tennessee,Operations South,Nashville,TE Managed Group B,Reporting Pod 2,Nashville Pod 2,Dr. Ali 2,Parker Bennett,DEMO-000568,1.06,0.98,0.293,1223.91,1,1
Tennessee,Operations South,Nashville,TE Managed Group B,Reporting Pod 2,Nashville Pod 2,Dr. Ali 2,Morgan Wright,DEMO-000569,1.2,0.631,0.192,7911.26,1,0
Tennessee,Operations South,Nashville,TE Managed Group B,Reporting Pod 2,Nashville Pod 2,Dr. Ali 2,Quinn Shah,DEMO-000570,1.52,0.588,0.742,6808.13,1,0
Tennessee,Operations South,Nashville,TE Managed Group B,Reporting Pod 2,Nashville Pod 2,Dr. Ali 2,Kai Ali,DEMO-000571,1.44,0.875,0.288,4175.28,1,0
Tennessee,Operations South,Nashville,TE Managed Group B,Reporting Pod 2,Nashville Pod 2,Dr. Ali 2,Quinn Kim,DEMO-000572,0.92,0.703,0.094,3559.15,0,0
Tennessee,Operations South,Nashville,TE Managed Group B,Reporting Pod 2,Nashville Pod 2,Dr. Ali 2,Quinn Foster,DEMO-000573,1.24,0.827,0.509,6095.24,1,1
Tennessee,Operations South,Nashville,TE Managed Group B,Reporting Pod 2,Nashville Pod 2,Dr. Ali 2,Avery Carter,DEMO-000574,1.26,0.712,0.471,5562.99,3,0
Tennessee,Operations South,Nashville,TE Managed Group B,Reporting Pod 2,Nashville Pod 2,Dr. Ali 2,Kai Bennett,DEMO-000575,0.7,0.856,0.502,4416.08,2,0
Tennessee,Operations South,Nashville,TE Managed Group B,Reporting Pod 2,Nashville Pod 2,Dr. Ali 2,Riley Turner,DEMO-000576,1.45,0.803,0.258,2692.84,2,1
Texas,Operations North,Houston,TE Managed Group A,Reporting Pod 1,Houston Pod 1,Dr. Rivera 1,Blake Foster,DEMO-000577,1.08,0.64,0.294,5917.13,3,0
Texas,Operations North,Houston,TE Managed Group A,Reporting Pod 1,Houston Pod 1,Dr. Rivera 1,Avery Ali,DEMO-000578,0.93,0.703,0.341,6218.35,0,0
Texas,Operations North,Houston,TE Managed Group A,Reporting Pod 1,Houston Pod 1,Dr. Rivera 1,Kai Bennett,DEMO-000579,1.3,0.782,0.187,4489.09,2,0
Texas,Operations North,Houston,TE Managed Group A,Reporting Pod 1,Houston Pod 1,Dr. Rivera 1,Parker Bennett,DEMO-000580,1.08,0.8,0.29,3101.36,3,0
Texas,Operations North,Houston,TE Managed Group A,Reporting Pod 1,Houston Pod 1,Dr. Rivera 1,Avery Carter,DEMO-000581,1.11,0.825,0.634,2752.94,1,0
Texas,Operations North,Houston,TE Managed Group A,Reporting Pod 1,Houston Pod 1,Dr. Rivera 1,Parker Carter,DEMO-000582,1.09,0.911,0.087,2140.43,0,0
Texas,Operations North,Houston,TE Managed Group A,Reporting Pod 1,Houston Pod 1,Dr. Rivera 1,Taylor Turner,DEMO-000583,1.44,1.0,0.197,2200.07,0,0
Texas,Operations North,Houston,TE Managed Group A,Reporting Pod 1,Houston Pod 1,Dr. Rivera 1,Drew Morales,DEMO-000584,0.82,0.784,0.174,5763.26,2,0
Texas,Operations North,Houston,TE Managed Group A,Reporting Pod 1,Houston Pod 1,Dr. Rivera 1,Blake Bennett,DEMO-000585,0.5,0.643,0.239,7259.92,1,1
Texas,Operations North,Houston,TE Managed Group A,Reporting Pod 1,Houston Pod 1,Dr. Kim 2,Kai Wright,DEMO-000586,1.63,0.852,0.56,22203.57,3,1
Texas,Operations North,Houston,TE Managed Group A,Reporting Pod 1,Houston Pod 1,Dr. Kim 2,Harper Carter,DEMO-000587,1.05,0.898,0.304,5612.93,1,0
Texas,Operations North,Houston,TE Managed Group A,Reporting Pod 1,Houston Pod 1,Dr. Kim 2,Alex Kim,DEMO-000588,1.46,1.0,0.415,16933.64,4,0
Texas,Operations North,Houston,TE Managed Group A,Reporting Pod 1,Houston Pod 1,Dr. Kim 2,Emerson Wright,DEMO-000589,1.09,0.767,0.56,5864.59,5,1
Texas,Operations North,Houston,TE Managed Group A,Reporting Pod 1,Houston Pod 1,Dr. Kim 2,Emerson Bennett,DEMO-000590,1.59,0.57,0.584,4732.94,1,0
Texas,Operations North,Houston,TE Managed Group A,Reporting Pod 1,Houston Pod 1,Dr. Kim 2,Drew Chen,DEMO-000591,1.04,0.606,0.32,15435.38,1,0
Texas,Operations North,Houston,TE Managed Group A,Reporting Pod 1,Houston Pod 1,Dr. Kim 2,Morgan Rivera,DEMO-000592,1.1,0.746,0.387,7609.54,2,0
Texas,Operations North,Houston,TE Managed Group A,Reporting Pod 1,Houston Pod 1,Dr. Kim 2,Taylor Santos,DEMO-000593,1.53,0.656,0.441,29065.85,2,1
Texas,Operations North,Houston,TE Managed Group A,Reporting Pod 1,Houston Pod 1,Dr. Kim 2,Emerson Ali,DEMO-000594,1.16,0.878,0.23,5395.64,0,0
Texas,Operations North,Houston,TE Managed Group A,Reporting Pod 1,Houston Pod 2,Dr. Hughes 1,Kai Kim,DEMO-000595,1.28,0.726,0.534,10278.49,3,0
Texas,Operations North,Houston,TE Managed Group A,Reporting Pod 1,Houston Pod 2,Dr. Hughes 1,Harper Wright,DEMO-000596,2.02,0.719,0.801,4386.83,1,0
Texas,Operations North,Houston,TE Managed Group A,Reporting Pod 1,Houston Pod 2,Dr. Hughes 1,Taylor Turner,DEMO-000597,1.1,0.673,0.638,8148.46,2,0
Texas,Operations North,Houston,TE Managed Group A,Reporting Pod 1,Houston Pod 2,Dr. Hughes 1,Reese Bennett,DEMO-000598,0.66,0.822,0.253,5890.74,0,0
Texas,Operations North,Houston,TE Managed Group A,Reporting Pod 1,Houston Pod 2,Dr. Hughes 1,Morgan Wright,DEMO-000599,0.91,0.8,0.341,11148.39,2,0
Texas,Operations North,Houston,TE Managed Group A,Reporting Pod 1,Houston Pod 2,Dr. Hughes 1,Reese Wright,DEMO-000600,1.18,0.63,0.535,16490.45,3,1
Texas,Operations North,Houston,TE Managed Group A,Reporting Pod 1,Houston Pod 2,Dr. Hughes 1,Kai Brooks,DEMO-000601,1.15,0.586,0.381,3487.02,1,0
Texas,Operations North,Houston,TE Managed Group A,Reporting Pod 1,Houston Pod 2,Dr. Hughes 1,Reese Wright,DEMO-000602,0.87,0.726,0.086,1982.08,0,0
Texas,Operations North,Houston,TE Managed Group A,Reporting Pod 1,Houston Pod 2,Dr. Hughes 1,Emerson Patel,DEMO-000603,1.16,0.724,0.47,4041.01,2,0
Texas,Operations North,Houston,TE Managed Group A,Reporting Pod 1,Houston Pod 2,Dr. Patel 2,Reese Brooks,DEMO-000604,1.31,0.914,0.288,13749.67,2,0
Texas,Operations North,Houston,TE Managed Group A,Reporting Pod 1,Houston Pod 2,Dr. Patel 2,Kai Shah,DEMO-000605,1.55,0.791,0.286,1209.36,0,0
Texas,Operations North,Houston,TE Managed Group A,Reporting Pod 1,Houston Pod 2,Dr. Patel 2,Emerson Foster,DEMO-000606,1.78,0.896,0.607,8276.74,4,2
Texas,Operations North,Houston,TE Managed Group A,Reporting Pod 1,Houston Pod 2,Dr. Patel 2,Rowan Turner,DEMO-000607,1.45,0.839,0.442,3073.1,2,0
Texas,Operations North,Houston,TE Managed Group A,Reporting Pod 1,Houston Pod 2,Dr. Patel 2,Rowan Morales,DEMO-000608,1.21,0.686,0.253,5722.48,2,0
Texas,Operations North,Houston,TE Managed Group A,Reporting Pod 1,Houston Pod 2,Dr. Patel 2,Drew Turner,DEMO-000609,1.38,0.71,0.721,3076.44,2,0
Texas,Operations North,Houston,TE Managed Group A,Reporting Pod 1,Houston Pod 2,Dr. Patel 2,Harper Ali,DEMO-000610,1.45,0.946,0.432,4252.74,0,0
Texas,Operations North,Houston,TE Managed Group A,Reporting Pod 1,Houston Pod 2,Dr. Patel 2,Emerson Santos,DEMO-000611,1.07,1.0,0.335,6116.89,3,0
Texas,Operations North,Houston,TE Managed Group A,Reporting Pod 1,Houston Pod 2,Dr. Patel 2,Drew Rivera,DEMO-000612,1.7,0.674,0.741,8815.11,0,0
Texas,Operations North,Houston,TE Managed Group A,Reporting Pod 2,Houston Pod 1,Dr. Morales 1,Harper Wright,DEMO-000613,1.87,0.914,0.383,1867.73,1,0
Texas,Operations North,Houston,TE Managed Group A,Reporting Pod 2,Houston Pod 1,Dr. Morales 1,Blake Foster,DEMO-000614,0.57,0.875,0.275,10184.43,1,0
Texas,Operations North,Houston,TE Managed Group A,Reporting Pod 2,Houston Pod 1,Dr. Morales 1,Casey Cooper,DEMO-000615,0.81,0.91,0.193,4176.71,2,1
Texas,Operations North,Houston,TE Managed Group A,Reporting Pod 2,Houston Pod 1,Dr. Morales 1,Emerson Patel,DEMO-000616,0.84,0.781,0.438,3197.59,2,1
Texas,Operations North,Houston,TE Managed Group A,Reporting Pod 2,Houston Pod 1,Dr. Morales 1,Jordan Cooper,DEMO-000617,1.01,0.904,0.213,10313.32,0,1
Texas,Operations North,Houston,TE Managed Group A,Reporting Pod 2,Houston Pod 1,Dr. Morales 1,Kai Cooper,DEMO-000618,1.14,0.83,0.337,2204.37,3,0
Texas,Operations North,Houston,TE Managed Group A,Reporting Pod 2,Houston Pod 1,Dr. Morales 1,Jordan Shah,DEMO-000619,0.76,0.798,0.112,2889.42,1,0
Texas,Operations North,Houston,TE Managed Group A,Reporting Pod 2,Houston Pod 1,Dr. Morales 1,Alex Carter,DEMO-000620,1.07,0.775,0.116,41527.72,0,0
Texas,Operations North,Houston,TE Managed Group A,Reporting Pod 2,Houston Pod 1,Dr. Morales 1,Kai Patel,DEMO-000621,1.5,0.835,0.573,13240.54,1,1
Texas,Operations North,Houston,TE Managed Group A,Reporting Pod 2,Houston Pod 1,Dr. Carter 2,Alex Cooper,DEMO-000622,1.35,0.619,0.468,6096.65,1,0
Texas,Operations North,Houston,TE Managed Group A,Reporting Pod 2,Houston Pod 1,Dr. Carter 2,Drew Bennett,DEMO-000623,1.41,0.722,0.682,7279.66,1,0
Texas,Operations North,Houston,TE Managed Group A,Reporting Pod 2,Houston Pod 1,Dr. Carter 2,Jordan Kim,DEMO-000624,1.23,0.85,0.336,4368.93,2,0
Texas,Operations North,Houston,TE Managed Group A,Reporting Pod 2,Houston Pod 1,Dr. Carter 2,Morgan Kim,DEMO-000625,1.56,0.665,0.413,3929.96,1,1
Texas,Operations North,Houston,TE Managed Group A,Reporting Pod 2,Houston Pod 1,Dr. Carter 2,Rowan Rivera,DEMO-000626,1.49,0.674,0.474,15031.43,1,0
Texas,Operations North,Houston,TE Managed Group A,Reporting Pod 2,Houston Pod 1,Dr. Carter 2,Quinn Morales,DEMO-000627,1.34,0.565,0.537,5366.7,3,0
Texas,Operations North,Houston,TE Managed Group A,Reporting Pod 2,Houston Pod 1,Dr. Carter 2,Jordan Bennett,DEMO-000628,1.38,0.88,0.319,3121.08,2,0
Texas,Operations North,Houston,TE Managed Group A,Reporting Pod 2,Houston Pod 1,Dr. Carter 2,Jordan Santos,DEMO-000629,1.13,0.729,0.543,14021.6,1,0
Texas,Operations North,Houston,TE Managed Group A,Reporting Pod 2,Houston Pod 1,Dr. Carter 2,Emerson Rivera,DEMO-000630,0.7,0.725,0.101,3543.73,0,0
Texas,Operations North,Houston,TE Managed Group A,Reporting Pod 2,Houston Pod 2,Dr. Shah 1,Drew Rivera,DEMO-000631,1.56,0.795,0.446,13707.89,0,0
Texas,Operations North,Houston,TE Managed Group A,Reporting Pod 2,Houston Pod 2,Dr. Shah 1,Kai Foster,DEMO-000632,1.32,1.0,0.348,7979.84,3,0
Texas,Operations North,Houston,TE Managed Group A,Reporting Pod 2,Houston Pod 2,Dr. Shah 1,Avery Hughes,DEMO-000633,1.06,0.772,0.209,11840.96,0,0
Texas,Operations North,Houston,TE Managed Group A,Reporting Pod 2,Houston Pod 2,Dr. Shah 1,Quinn Shah,DEMO-000634,1.39,0.671,0.466,5696.33,1,1
Texas,Operations North,Houston,TE Managed Group A,Reporting Pod 2,Houston Pod 2,Dr. Shah 1,Jordan Ali,DEMO-000635,1.18,0.767,0.461,6245.45,0,2
Texas,Operations North,Houston,TE Managed Group A,Reporting Pod 2,Houston Pod 2,Dr. Shah 1,Quinn Brooks,DEMO-000636,1.01,0.86,0.174,3732.44,1,0
Texas,Operations North,Houston,TE Managed Group A,Reporting Pod 2,Houston Pod 2,Dr. Shah 1,Emerson Carter,DEMO-000637,1.0,0.876,0.426,4659.83,3,0
Texas,Operations North,Houston,TE Managed Group A,Reporting Pod 2,Houston Pod 2,Dr. Shah 1,Drew Kim,DEMO-000638,1.69,0.6,0.714,3538.97,2,0
Texas,Operations North,Houston,TE Managed Group A,Reporting Pod 2,Houston Pod 2,Dr. Shah 1,Rowan Ali,DEMO-000639,1.09,0.811,0.24,1355.28,0,0
Texas,Operations North,Houston,TE Managed Group A,Reporting Pod 2,Houston Pod 2,Dr. Brooks 2,Quinn Cooper,DEMO-000640,1.38,0.773,0.234,3969.66,0,0
Texas,Operations North,Houston,TE Managed Group A,Reporting Pod 2,Houston Pod 2,Dr. Brooks 2,Morgan Kim,DEMO-000641,0.97,0.88,0.36,2417.52,2,0
Texas,Operations North,Houston,TE Managed Group A,Reporting Pod 2,Houston Pod 2,Dr. Brooks 2,Riley Carter,DEMO-000642,1.22,0.732,0.431,12751.56,1,0
Texas,Operations North,Houston,TE Managed Group A,Reporting Pod 2,Houston Pod 2,Dr. Brooks 2,Avery Hughes,DEMO-000643,1.21,0.651,0.233,5408.99,2,1
Texas,Operations North,Houston,TE Managed Group A,Reporting Pod 2,Houston Pod 2,Dr. Brooks 2,Harper Santos,DEMO-000644,1.14,0.749,0.239,890.11,0,0
Texas,Operations North,Houston,TE Managed Group A,Reporting Pod 2,Houston Pod 2,Dr. Brooks 2,Casey Cooper,DEMO-000645,1.02,0.664,0.218,6084.19,0,0
Texas,Operations North,Houston,TE Managed Group A,Reporting Pod 2,Houston Pod 2,Dr. Brooks 2,Quinn Santos,DEMO-000646,1.34,0.976,0.158,3160.34,2,0
Texas,Operations North,Houston,TE Managed Group A,Reporting Pod 2,Houston Pod 2,Dr. Brooks 2,Reese Cooper,DEMO-000647,0.81,0.766,0.256,7676.85,1,0
Texas,Operations North,Houston,TE Managed Group A,Reporting Pod 2,Houston Pod 2,Dr. Brooks 2,Rowan Kim,DEMO-000648,1.64,0.743,0.445,7908.95,2,0
Texas,Operations North,Houston,TE Managed Group B,Reporting Pod 1,Houston Pod 1,Dr. Turner 1,Taylor Turner,DEMO-000649,1.38,0.72,0.515,11585.28,2,0
Texas,Operations North,Houston,TE Managed Group B,Reporting Pod 1,Houston Pod 1,Dr. Turner 1,Casey Cooper,DEMO-000650,1.76,0.428,0.701,5365.18,3,0
Texas,Operations North,Houston,TE Managed Group B,Reporting Pod 1,Houston Pod 1,Dr. Turner 1,Drew Chen,DEMO-000651,0.9,0.741,0.541,3020.37,3,0
Texas,Operations North,Houston,TE Managed Group B,Reporting Pod 1,Houston Pod 1,Dr. Turner 1,Parker Carter,DEMO-000652,1.23,0.678,0.594,8309.63,1,1
Texas,Operations North,Houston,TE Managed Group B,Reporting Pod 1,Houston Pod 1,Dr. Turner 1,Alex Brooks,DEMO-000653,0.95,0.823,0.155,8415.96,0,0
Texas,Operations North,Houston,TE Managed Group B,Reporting Pod 1,Houston Pod 1,Dr. Turner 1,Taylor Patel,DEMO-000654,1.3,0.994,0.366,4421.54,3,1
Texas,Operations North,Houston,TE Managed Group B,Reporting Pod 1,Houston Pod 1,Dr. Turner 1,Kai Patel,DEMO-000655,1.13,0.769,0.397,3241.05,2,1
Texas,Operations North,Houston,TE Managed Group B,Reporting Pod 1,Houston Pod 1,Dr. Turner 1,Blake Wright,DEMO-000656,1.47,0.802,0.45,9856.27,3,0
Texas,Operations North,Houston,TE Managed Group B,Reporting Pod 1,Houston Pod 1,Dr. Turner 1,Harper Rivera,DEMO-000657,1.2,0.623,0.301,3706.06,0,0
Texas,Operations North,Houston,TE Managed Group B,Reporting Pod 1,Houston Pod 1,Dr. Bennett 2,Reese Santos,DEMO-000658,1.23,0.767,0.41,5776.11,2,0
Texas,Operations North,Houston,TE Managed Group B,Reporting Pod 1,Houston Pod 1,Dr. Bennett 2,Harper Santos,DEMO-000659,1.46,0.721,0.118,2262.04,0,0
Texas,Operations North,Houston,TE Managed Group B,Reporting Pod 1,Houston Pod 1,Dr. Bennett 2,Quinn Santos,DEMO-000660,1.54,0.637,0.485,5068.43,1,0
Texas,Operations North,Houston,TE Managed Group B,Reporting Pod 1,Houston Pod 1,Dr. Bennett 2,Reese Patel,DEMO-000661,1.11,1.0,0.291,5549.35,0,1
Texas,Operations North,Houston,TE Managed Group B,Reporting Pod 1,Houston Pod 1,Dr. Bennett 2,Blake Bennett,DEMO-000662,0.95,1.0,0.178,8336.85,0,0
Texas,Operations North,Houston,TE Managed Group B,Reporting Pod 1,Houston Pod 1,Dr. Bennett 2,Taylor Morales,DEMO-000663,0.99,0.71,0.637,14439.63,2,1
Texas,Operations North,Houston,TE Managed Group B,Reporting Pod 1,Houston Pod 1,Dr. Bennett 2,Parker Morales,DEMO-000664,1.28,0.633,0.338,3411.09,2,0
Texas,Operations North,Houston,TE Managed Group B,Reporting Pod 1,Houston Pod 1,Dr. Bennett 2,Morgan Turner,DEMO-000665,0.58,0.95,0.011,3138.81,0,0
Texas,Operations North,Houston,TE Managed Group B,Reporting Pod 1,Houston Pod 1,Dr. Bennett 2,Parker Patel,DEMO-000666,1.1,0.742,0.302,11390.59,1,1
Texas,Operations North,Houston,TE Managed Group B,Reporting Pod 1,Houston Pod 2,Dr. Wright 1,Blake Bennett,DEMO-000667,1.3,1.0,0.525,2941.52,0,1
Texas,Operations North,Houston,TE Managed Group B,Reporting Pod 1,Houston Pod 2,Dr. Wright 1,Morgan Carter,DEMO-000668,1.68,0.531,0.745,9456.18,3,1
Texas,Operations North,Houston,TE Managed Group B,Reporting Pod 1,Houston Pod 2,Dr. Wright 1,Drew Hughes,DEMO-000669,1.15,0.884,0.372,4294.95,0,0
Texas,Operations North,Houston,TE Managed Group B,Reporting Pod 1,Houston Pod 2,Dr. Wright 1,Taylor Bennett,DEMO-000670,1.55,0.665,0.462,4461.38,3,1
Texas,Operations North,Houston,TE Managed Group B,Reporting Pod 1,Houston Pod 2,Dr. Wright 1,Blake Chen,DEMO-000671,1.92,0.941,0.731,6931.1,3,0
Texas,Operations North,Houston,TE Managed Group B,Reporting Pod 1,Houston Pod 2,Dr. Wright 1,Casey Hughes,DEMO-000672,1.14,0.779,0.459,9249.74,1,0
Texas,Operations North,Houston,TE Managed Group B,Reporting Pod 1,Houston Pod 2,Dr. Wright 1,Drew Cooper,DEMO-000673,1.14,0.669,0.258,3493.88,1,0
Texas,Operations North,Houston,TE Managed Group B,Reporting Pod 1,Houston Pod 2,Dr. Wright 1,Taylor Kim,DEMO-000674,1.21,0.787,0.529,3655.74,2,1
Texas,Operations North,Houston,TE Managed Group B,Reporting Pod 1,Houston Pod 2,Dr. Wright 1,Taylor Rivera,DEMO-000675,0.98,0.926,0.428,5900.66,0,0
Texas,Operations North,Houston,TE Managed Group B,Reporting Pod 1,Houston Pod 2,Dr. Santos 2,Jordan Cooper,DEMO-000676,1.81,0.754,0.448,3080.85,2,2
Texas,Operations North,Houston,TE Managed Group B,Reporting Pod 1,Houston Pod 2,Dr. Santos 2,Morgan Carter,DEMO-000677,1.08,0.664,0.469,16524.9,0,0
Texas,Operations North,Houston,TE Managed Group B,Reporting Pod 1,Houston Pod 2,Dr. Santos 2,Riley Chen,DEMO-000678,1.04,0.903,0.097,5177.39,2,0
Texas,Operations North,Houston,TE Managed Group B,Reporting Pod 1,Houston Pod 2,Dr. Santos 2,Kai Wright,DEMO-000679,1.35,0.979,0.107,5354.61,0,0
Texas,Operations North,Houston,TE Managed Group B,Reporting Pod 1,Houston Pod 2,Dr. Santos 2,Jordan Bennett,DEMO-000680,1.36,1.0,0.389,7289.74,3,0
Texas,Operations North,Houston,TE Managed Group B,Reporting Pod 1,Houston Pod 2,Dr. Santos 2,Taylor Cooper,DEMO-000681,1.37,0.915,0.391,11607.09,2,0
Texas,Operations North,Houston,TE Managed Group B,Reporting Pod 1,Houston Pod 2,Dr. Santos 2,Taylor Morales,DEMO-000682,0.84,0.787,0.278,10836.56,1,0
Texas,Operations North,Houston,TE Managed Group B,Reporting Pod 1,Houston Pod 2,Dr. Santos 2,Rowan Shah,DEMO-000683,1.25,0.773,0.469,12909.37,0,0
Texas,Operations North,Houston,TE Managed Group B,Reporting Pod 1,Houston Pod 2,Dr. Santos 2,Casey Patel,DEMO-000684,1.45,0.89,0.413,4243.76,0,2
Texas,Operations North,Houston,TE Managed Group B,Reporting Pod 2,Houston Pod 1,Dr. Foster 1,Riley Kim,DEMO-000685,0.8,0.787,0.107,3767.14,0,0
Texas,Operations North,Houston,TE Managed Group B,Reporting Pod 2,Houston Pod 1,Dr. Foster 1,Drew Hughes,DEMO-000686,0.98,0.928,0.272,11170.1,2,0
Texas,Operations North,Houston,TE Managed Group B,Reporting Pod 2,Houston Pod 1,Dr. Foster 1,Drew Ali,DEMO-000687,1.44,0.696,0.59,4605.47,2,0
Texas,Operations North,Houston,TE Managed Group B,Reporting Pod 2,Houston Pod 1,Dr. Foster 1,Taylor Shah,DEMO-000688,1.52,0.721,0.252,1527.31,1,0
Texas,Operations North,Houston,TE Managed Group B,Reporting Pod 2,Houston Pod 1,Dr. Foster 1,Taylor Foster,DEMO-000689,1.41,0.831,0.614,11974.43,2,0
Texas,Operations North,Houston,TE Managed Group B,Reporting Pod 2,Houston Pod 1,Dr. Foster 1,Jordan Chen,DEMO-000690,1.34,0.585,0.522,19656.46,0,0
Texas,Operations North,Houston,TE Managed Group B,Reporting Pod 2,Houston Pod 1,Dr. Foster 1,Casey Patel,DEMO-000691,1.62,0.534,0.266,2019.37,0,0
Texas,Operations North,Houston,TE Managed Group B,Reporting Pod 2,Houston Pod 1,Dr. Foster 1,Jordan Shah,DEMO-000692,1.21,0.795,0.449,8594.31,1,1
Texas,Operations North,Houston,TE Managed Group B,Reporting Pod 2,Houston Pod 1,Dr. Foster 1,Reese Foster,DEMO-000693,1.56,0.748,0.648,4290.19,1,0
Texas,Operations North,Houston,TE Managed Group B,Reporting Pod 2,Houston Pod 1,Dr. Chen 2,Alex Cooper,DEMO-000694,1.07,0.838,0.386,2423.77,2,1
Texas,Operations North,Houston,TE Managed Group B,Reporting Pod 2,Houston Pod 1,Dr. Chen 2,Drew Shah,DEMO-000695,1.24,0.51,0.621,7791.78,1,0
Texas,Operations North,Houston,TE Managed Group B,Reporting Pod 2,Houston Pod 1,Dr. Chen 2,Drew Chen,DEMO-000696,1.73,0.849,0.515,14166.52,0,0
Texas,Operations North,Houston,TE Managed Group B,Reporting Pod 2,Houston Pod 1,Dr. Chen 2,Casey Santos,DEMO-000697,1.5,0.874,0.624,13281.97,0,0
Texas,Operations North,Houston,TE Managed Group B,Reporting Pod 2,Houston Pod 1,Dr. Chen 2,Reese Cooper,DEMO-000698,1.25,0.787,0.35,2392.67,0,0
Texas,Operations North,Houston,TE Managed Group B,Reporting Pod 2,Houston Pod 1,Dr. Chen 2,Rowan Hughes,DEMO-000699,1.66,0.386,0.563,3696.94,0,0
Texas,Operations North,Houston,TE Managed Group B,Reporting Pod 2,Houston Pod 1,Dr. Chen 2,Harper Foster,DEMO-000700,1.65,0.703,0.444,14417.67,0,0
Texas,Operations North,Houston,TE Managed Group B,Reporting Pod 2,Houston Pod 1,Dr. Chen 2,Alex Santos,DEMO-000701,1.2,0.864,0.258,3621.52,2,0
Texas,Operations North,Houston,TE Managed Group B,Reporting Pod 2,Houston Pod 1,Dr. Chen 2,Harper Brooks,DEMO-000702,1.06,0.851,0.058,11672.97,2,0
Texas,Operations North,Houston,TE Managed Group B,Reporting Pod 2,Houston Pod 2,Dr. Cooper 1,Reese Santos,DEMO-000703,1.37,0.887,0.226,4101.55,0,1
Texas,Operations North,Houston,TE Managed Group B,Reporting Pod 2,Houston Pod 2,Dr. Cooper 1,Kai Brooks,DEMO-000704,1.74,0.711,0.472,6419.6,2,1
Texas,Operations North,Houston,TE Managed Group B,Reporting Pod 2,Houston Pod 2,Dr. Cooper 1,Casey Shah,DEMO-000705,1.5,0.709,0.496,3849.46,3,0
Texas,Operations North,Houston,TE Managed Group B,Reporting Pod 2,Houston Pod 2,Dr. Cooper 1,Morgan Wright,DEMO-000706,1.78,0.553,0.628,16582.68,2,0
Texas,Operations North,Houston,TE Managed Group B,Reporting Pod 2,Houston Pod 2,Dr. Cooper 1,Riley Bennett,DEMO-000707,1.37,0.929,0.154,6759.81,0,0
Texas,Operations North,Houston,TE Managed Group B,Reporting Pod 2,Houston Pod 2,Dr. Cooper 1,Harper Turner,DEMO-000708,1.52,0.736,0.538,9125.16,3,1
Texas,Operations North,Houston,TE Managed Group B,Reporting Pod 2,Houston Pod 2,Dr. Cooper 1,Parker Foster,DEMO-000709,0.63,0.781,0.077,13243.45,2,0
Texas,Operations North,Houston,TE Managed Group B,Reporting Pod 2,Houston Pod 2,Dr. Cooper 1,Taylor Shah,DEMO-000710,1.16,0.789,0.203,4896.55,2,0
Texas,Operations North,Houston,TE Managed Group B,Reporting Pod 2,Houston Pod 2,Dr. Cooper 1,Morgan Wright,DEMO-000711,1.62,0.787,0.35,2674.81,1,0
Texas,Operations North,Houston,TE Managed Group B,Reporting Pod 2,Houston Pod 2,Dr. Ali 2,Alex Bennett,DEMO-000712,1.18,0.656,0.692,8605.64,2,3
Texas,Operations North,Houston,TE Managed Group B,Reporting Pod 2,Houston Pod 2,Dr. Ali 2,Parker Chen,DEMO-000713,1.26,0.818,0.276,5024.26,0,2
Texas,Operations North,Houston,TE Managed Group B,Reporting Pod 2,Houston Pod 2,Dr. Ali 2,Jordan Rivera,DEMO-000714,1.73,0.622,0.687,24447.76,3,0
Texas,Operations North,Houston,TE Managed Group B,Reporting Pod 2,Houston Pod 2,Dr. Ali 2,Drew Foster,DEMO-000715,1.23,0.767,0.337,4415.42,0,0
Texas,Operations North,Houston,TE Managed Group B,Reporting Pod 2,Houston Pod 2,Dr. Ali 2,Reese Hughes,DEMO-000716,0.67,0.796,0.107,5606.64,0,1
Texas,Operations North,Houston,TE Managed Group B,Reporting Pod 2,Houston Pod 2,Dr. Ali 2,Avery Shah,DEMO-000717,1.18,0.888,0.298,3486.4,3,0
Texas,Operations North,Houston,TE Managed Group B,Reporting Pod 2,Houston Pod 2,Dr. Ali 2,Rowan Brooks,DEMO-000718,1.52,0.845,0.589,9738.86,1,0
Texas,Operations North,Houston,TE Managed Group B,Reporting Pod 2,Houston Pod 2,Dr. Ali 2,Parker Foster,DEMO-000719,0.9,0.895,0.147,4349.93,1,0
Texas,Operations North,Houston,TE Managed Group B,Reporting Pod 2,Houston Pod 2,Dr. Ali 2,Emerson Rivera,DEMO-000720,1.3,0.993,0.426,4766.37,2,1
Texas,Operations North,Dallas,TE Managed Group A,Reporting Pod 1,Dallas Pod 1,Dr. Rivera 1,Casey Turner,DEMO-000721,0.94,0.6,0.466,9045.22,1,1
Texas,Operations North,Dallas,TE Managed Group A,Reporting Pod 1,Dallas Pod 1,Dr. Rivera 1,Avery Chen,DEMO-000722,1.92,0.818,0.601,1477.83,2,1
Texas,Operations North,Dallas,TE Managed Group A,Reporting Pod 1,Dallas Pod 1,Dr. Rivera 1,Riley Ali,DEMO-000723,1.81,0.902,0.422,2878.81,0,0
Texas,Operations North,Dallas,TE Managed Group A,Reporting Pod 1,Dallas Pod 1,Dr. Rivera 1,Quinn Bennett,DEMO-000724,1.19,0.997,0.362,12369.77,3,0
Texas,Operations North,Dallas,TE Managed Group A,Reporting Pod 1,Dallas Pod 1,Dr. Rivera 1,Taylor Patel,DEMO-000725,0.85,0.941,0.201,2291.25,1,1
Texas,Operations North,Dallas,TE Managed Group A,Reporting Pod 1,Dallas Pod 1,Dr. Rivera 1,Alex Rivera,DEMO-000726,1.25,0.723,0.42,7262.54,4,0
Texas,Operations North,Dallas,TE Managed Group A,Reporting Pod 1,Dallas Pod 1,Dr. Rivera 1,Riley Brooks,DEMO-000727,1.77,0.721,0.461,6546.41,1,0
Texas,Operations North,Dallas,TE Managed Group A,Reporting Pod 1,Dallas Pod 1,Dr. Rivera 1,Avery Shah,DEMO-000728,1.05,0.87,0.306,13462.56,2,0
Texas,Operations North,Dallas,TE Managed Group A,Reporting Pod 1,Dallas Pod 1,Dr. Rivera 1,Parker Hughes,DEMO-000729,1.14,0.731,0.405,13058.2,0,1
Texas,Operations North,Dallas,TE Managed Group A,Reporting Pod 1,Dallas Pod 1,Dr. Kim 2,Alex Wright,DEMO-000730,0.73,0.938,0.112,2941.87,2,0
Texas,Operations North,Dallas,TE Managed Group A,Reporting Pod 1,Dallas Pod 1,Dr. Kim 2,Emerson Wright,DEMO-000731,1.45,0.932,0.487,6340.37,0,0
Texas,Operations North,Dallas,TE Managed Group A,Reporting Pod 1,Dallas Pod 1,Dr. Kim 2,Riley Carter,DEMO-000732,1.56,0.748,0.524,8268.15,0,0
Texas,Operations North,Dallas,TE Managed Group A,Reporting Pod 1,Dallas Pod 1,Dr. Kim 2,Riley Carter,DEMO-000733,1.25,0.863,0.216,8382.55,1,0
Texas,Operations North,Dallas,TE Managed Group A,Reporting Pod 1,Dallas Pod 1,Dr. Kim 2,Rowan Wright,DEMO-000734,1.68,0.704,0.683,9514.08,1,0
Texas,Operations North,Dallas,TE Managed Group A,Reporting Pod 1,Dallas Pod 1,Dr. Kim 2,Rowan Santos,DEMO-000735,0.96,0.868,0.423,3735.86,0,1
Texas,Operations North,Dallas,TE Managed Group A,Reporting Pod 1,Dallas Pod 1,Dr. Kim 2,Taylor Foster,DEMO-000736,0.9,0.823,0.387,22880.67,0,0
Texas,Operations North,Dallas,TE Managed Group A,Reporting Pod 1,Dallas Pod 1,Dr. Kim 2,Rowan Carter,DEMO-000737,1.05,0.782,0.385,4820.46,1,0
Texas,Operations North,Dallas,TE Managed Group A,Reporting Pod 1,Dallas Pod 1,Dr. Kim 2,Kai Rivera,DEMO-000738,1.54,1.0,0.511,17603.46,0,0
Texas,Operations North,Dallas,TE Managed Group A,Reporting Pod 1,Dallas Pod 2,Dr. Hughes 1,Kai Rivera,DEMO-000739,0.89,0.654,0.131,4818.91,0,0
Texas,Operations North,Dallas,TE Managed Group A,Reporting Pod 1,Dallas Pod 2,Dr. Hughes 1,Reese Carter,DEMO-000740,1.48,0.764,0.562,7419.21,2,0
Texas,Operations North,Dallas,TE Managed Group A,Reporting Pod 1,Dallas Pod 2,Dr. Hughes 1,Drew Wright,DEMO-000741,1.15,0.918,0.126,7488.01,2,0
Texas,Operations North,Dallas,TE Managed Group A,Reporting Pod 1,Dallas Pod 2,Dr. Hughes 1,Emerson Patel,DEMO-000742,1.67,0.639,0.618,6157.57,4,0
Texas,Operations North,Dallas,TE Managed Group A,Reporting Pod 1,Dallas Pod 2,Dr. Hughes 1,Morgan Foster,DEMO-000743,1.36,0.679,0.296,4482.19,1,1
Texas,Operations North,Dallas,TE Managed Group A,Reporting Pod 1,Dallas Pod 2,Dr. Hughes 1,Parker Bennett,DEMO-000744,1.18,0.773,0.533,3634.33,3,0
Texas,Operations North,Dallas,TE Managed Group A,Reporting Pod 1,Dallas Pod 2,Dr. Hughes 1,Harper Santos,DEMO-000745,0.64,0.627,0.043,5590.15,3,0
Texas,Operations North,Dallas,TE Managed Group A,Reporting Pod 1,Dallas Pod 2,Dr. Hughes 1,Reese Patel,DEMO-000746,0.88,0.828,0.08,4324.18,0,0
Texas,Operations North,Dallas,TE Managed Group A,Reporting Pod 1,Dallas Pod 2,Dr. Hughes 1,Harper Chen,DEMO-000747,0.79,0.818,0.231,11387.97,3,1
Texas,Operations North,Dallas,TE Managed Group A,Reporting Pod 1,Dallas Pod 2,Dr. Patel 2,Drew Ali,DEMO-000748,1.18,0.346,0.342,6065.42,2,0
Texas,Operations North,Dallas,TE Managed Group A,Reporting Pod 1,Dallas Pod 2,Dr. Patel 2,Avery Hughes,DEMO-000749,1.86,0.925,0.667,8529.45,1,0
Texas,Operations North,Dallas,TE Managed Group A,Reporting Pod 1,Dallas Pod 2,Dr. Patel 2,Parker Hughes,DEMO-000750,1.05,0.915,0.368,18398.03,2,0
Texas,Operations North,Dallas,TE Managed Group A,Reporting Pod 1,Dallas Pod 2,Dr. Patel 2,Taylor Bennett,DEMO-000751,0.83,0.817,0.298,2527.64,1,0
Texas,Operations North,Dallas,TE Managed Group A,Reporting Pod 1,Dallas Pod 2,Dr. Patel 2,Casey Morales,DEMO-000752,0.61,0.865,0.437,9343.66,1,1
Texas,Operations North,Dallas,TE Managed Group A,Reporting Pod 1,Dallas Pod 2,Dr. Patel 2,Parker Foster,DEMO-000753,1.01,0.796,0.256,855.76,2,0
Texas,Operations North,Dallas,TE Managed Group A,Reporting Pod 1,Dallas Pod 2,Dr. Patel 2,Morgan Patel,DEMO-000754,1.31,0.734,0.331,4547.38,0,1
Texas,Operations North,Dallas,TE Managed Group A,Reporting Pod 1,Dallas Pod 2,Dr. Patel 2,Parker Bennett,DEMO-000755,0.84,0.959,0.354,2431.95,1,0
Texas,Operations North,Dallas,TE Managed Group A,Reporting Pod 1,Dallas Pod 2,Dr. Patel 2,Morgan Carter,DEMO-000756,0.92,0.758,0.226,2222.05,1,0
Texas,Operations North,Dallas,TE Managed Group A,Reporting Pod 2,Dallas Pod 1,Dr. Morales 1,Harper Ali,DEMO-000757,1.09,0.646,0.153,22257.97,0,0
Texas,Operations North,Dallas,TE Managed Group A,Reporting Pod 2,Dallas Pod 1,Dr. Morales 1,Emerson Santos,DEMO-000758,1.42,0.857,0.525,6670.19,3,0
Texas,Operations North,Dallas,TE Managed Group A,Reporting Pod 2,Dallas Pod 1,Dr. Morales 1,Alex Bennett,DEMO-000759,0.75,0.615,0.454,3849.32,2,0
Texas,Operations North,Dallas,TE Managed Group A,Reporting Pod 2,Dallas Pod 1,Dr. Morales 1,Reese Chen,DEMO-000760,1.59,0.72,0.463,6677.22,3,0
Texas,Operations North,Dallas,TE Managed Group A,Reporting Pod 2,Dallas Pod 1,Dr. Morales 1,Reese Santos,DEMO-000761,1.24,0.705,0.524,6752.84,3,0
Texas,Operations North,Dallas,TE Managed Group A,Reporting Pod 2,Dallas Pod 1,Dr. Morales 1,Blake Cooper,DEMO-000762,0.33,0.896,0.165,5623.2,0,1
Texas,Operations North,Dallas,TE Managed Group A,Reporting Pod 2,Dallas Pod 1,Dr. Morales 1,Blake Turner,DEMO-000763,1.2,0.941,0.321,7219.43,1,0
Texas,Operations North,Dallas,TE Managed Group A,Reporting Pod 2,Dallas Pod 1,Dr. Morales 1,Kai Santos,DEMO-000764,1.48,0.782,0.223,11105.31,1,1
Texas,Operations North,Dallas,TE Managed Group A,Reporting Pod 2,Dallas Pod 1,Dr. Morales 1,Alex Kim,DEMO-000765,1.08,0.703,0.573,6640.55,0,0
Texas,Operations North,Dallas,TE Managed Group A,Reporting Pod 2,Dallas Pod 1,Dr. Carter 2,Emerson Kim,DEMO-000766,1.45,0.637,0.447,7264.03,1,0
Texas,Operations North,Dallas,TE Managed Group A,Reporting Pod 2,Dallas Pod 1,Dr. Carter 2,Taylor Bennett,DEMO-000767,0.76,0.83,0.301,4324.91,1,1
Texas,Operations North,Dallas,TE Managed Group A,Reporting Pod 2,Dallas Pod 1,Dr. Carter 2,Quinn Bennett,DEMO-000768,1.72,0.809,0.587,18494.58,3,0
Texas,Operations North,Dallas,TE Managed Group A,Reporting Pod 2,Dallas Pod 1,Dr. Carter 2,Quinn Chen,DEMO-000769,1.22,0.799,0.69,6024.61,1,1
Texas,Operations North,Dallas,TE Managed Group A,Reporting Pod 2,Dallas Pod 1,Dr. Carter 2,Kai Chen,DEMO-000770,0.74,0.912,0.157,4661.97,0,0
Texas,Operations North,Dallas,TE Managed Group A,Reporting Pod 2,Dallas Pod 1,Dr. Carter 2,Riley Turner,DEMO-000771,1.52,1.0,0.237,7406.72,0,1
Texas,Operations North,Dallas,TE Managed Group A,Reporting Pod 2,Dallas Pod 1,Dr. Carter 2,Drew Brooks,DEMO-000772,1.57,0.847,0.521,15396.84,3,0
Texas,Operations North,Dallas,TE Managed Group A,Reporting Pod 2,Dallas Pod 1,Dr. Carter 2,Rowan Ali,DEMO-000773,0.79,0.529,0.432,4539.62,3,0
Texas,Operations North,Dallas,TE Managed Group A,Reporting Pod 2,Dallas Pod 1,Dr. Carter 2,Taylor Santos,DEMO-000774,1.54,0.851,0.488,9789.47,0,0
Texas,Operations North,Dallas,TE Managed Group A,Reporting Pod 2,Dallas Pod 2,Dr. Shah 1,Reese Santos,DEMO-000775,0.98,0.909,0.403,2442.11,0,0
Texas,Operations North,Dallas,TE Managed Group A,Reporting Pod 2,Dallas Pod 2,Dr. Shah 1,Avery Cooper,DEMO-000776,1.19,0.531,0.06,4449.99,0,0
Texas,Operations North,Dallas,TE Managed Group A,Reporting Pod 2,Dallas Pod 2,Dr. Shah 1,Riley Shah,DEMO-000777,0.57,1.0,0.065,8707.56,0,0
Texas,Operations North,Dallas,TE Managed Group A,Reporting Pod 2,Dallas Pod 2,Dr. Shah 1,Avery Brooks,DEMO-000778,0.9,0.829,0.072,5966.05,1,0
Texas,Operations North,Dallas,TE Managed Group A,Reporting Pod 2,Dallas Pod 2,Dr. Shah 1,Kai Brooks,DEMO-000779,1.01,0.606,0.479,6232.77,3,0
Texas,Operations North,Dallas,TE Managed Group A,Reporting Pod 2,Dallas Pod 2,Dr. Shah 1,Harper Ali,DEMO-000780,1.43,0.769,0.782,19154.3,1,0
Texas,Operations North,Dallas,TE Managed Group A,Reporting Pod 2,Dallas Pod 2,Dr. Shah 1,Drew Hughes,DEMO-000781,0.46,0.984,0.011,1542.93,1,0
Texas,Operations North,Dallas,TE Managed Group A,Reporting Pod 2,Dallas Pod 2,Dr. Shah 1,Morgan Carter,DEMO-000782,0.46,0.885,0.253,3604.73,0,0
Texas,Operations North,Dallas,TE Managed Group A,Reporting Pod 2,Dallas Pod 2,Dr. Shah 1,Casey Kim,DEMO-000783,0.86,0.785,0.172,5347.72,2,0
Texas,Operations North,Dallas,TE Managed Group A,Reporting Pod 2,Dallas Pod 2,Dr. Brooks 2,Rowan Brooks,DEMO-000784,1.32,0.831,0.476,10185.01,1,0
Texas,Operations North,Dallas,TE Managed Group A,Reporting Pod 2,Dallas Pod 2,Dr. Brooks 2,Quinn Turner,DEMO-000785,1.59,0.709,0.46,9251.66,0,1
Texas,Operations North,Dallas,TE Managed Group A,Reporting Pod 2,Dallas Pod 2,Dr. Brooks 2,Drew Foster,DEMO-000786,1.04,0.617,0.446,5144.55,4,1
Texas,Operations North,Dallas,TE Managed Group A,Reporting Pod 2,Dallas Pod 2,Dr. Brooks 2,Riley Brooks,DEMO-000787,1.64,0.907,0.431,11305.02,2,0
Texas,Operations North,Dallas,TE Managed Group A,Reporting Pod 2,Dallas Pod 2,Dr. Brooks 2,Riley Hughes,DEMO-000788,1.24,0.689,0.593,5190.57,0,0
Texas,Operations North,Dallas,TE Managed Group A,Reporting Pod 2,Dallas Pod 2,Dr. Brooks 2,Casey Brooks,DEMO-000789,1.02,0.68,0.595,2364.45,1,2
Texas,Operations North,Dallas,TE Managed Group A,Reporting Pod 2,Dallas Pod 2,Dr. Brooks 2,Jordan Kim,DEMO-000790,1.02,0.988,0.377,8098.07,2,1
Texas,Operations North,Dallas,TE Managed Group A,Reporting Pod 2,Dallas Pod 2,Dr. Brooks 2,Reese Shah,DEMO-000791,0.87,0.782,0.254,9999.06,2,0
Texas,Operations North,Dallas,TE Managed Group A,Reporting Pod 2,Dallas Pod 2,Dr. Brooks 2,Kai Chen,DEMO-000792,1.21,0.636,0.525,8830.0,0,0
Texas,Operations North,Dallas,TE Managed Group B,Reporting Pod 1,Dallas Pod 1,Dr. Turner 1,Alex Santos,DEMO-000793,1.17,0.653,0.443,5646.96,1,0
Texas,Operations North,Dallas,TE Managed Group B,Reporting Pod 1,Dallas Pod 1,Dr. Turner 1,Taylor Santos,DEMO-000794,1.06,0.858,0.469,4937.08,3,1
Texas,Operations North,Dallas,TE Managed Group B,Reporting Pod 1,Dallas Pod 1,Dr. Turner 1,Jordan Carter,DEMO-000795,1.34,0.993,0.227,3309.19,1,0
Texas,Operations North,Dallas,TE Managed Group B,Reporting Pod 1,Dallas Pod 1,Dr. Turner 1,Reese Rivera,DEMO-000796,1.03,0.707,0.136,4528.11,1,0
Texas,Operations North,Dallas,TE Managed Group B,Reporting Pod 1,Dallas Pod 1,Dr. Turner 1,Taylor Turner,DEMO-000797,1.65,0.73,0.424,12347.76,3,0
Texas,Operations North,Dallas,TE Managed Group B,Reporting Pod 1,Dallas Pod 1,Dr. Turner 1,Kai Ali,DEMO-000798,0.94,0.541,0.459,5293.15,1,1
Texas,Operations North,Dallas,TE Managed Group B,Reporting Pod 1,Dallas Pod 1,Dr. Turner 1,Parker Bennett,DEMO-000799,1.04,0.724,0.45,5292.18,0,1
Texas,Operations North,Dallas,TE Managed Group B,Reporting Pod 1,Dallas Pod 1,Dr. Turner 1,Emerson Morales,DEMO-000800,1.32,1.0,0.156,1997.63,1,0
Texas,Operations North,Dallas,TE Managed Group B,Reporting Pod 1,Dallas Pod 1,Dr. Turner 1,Alex Turner,DEMO-000801,0.97,0.63,0.431,3690.08,1,0
Texas,Operations North,Dallas,TE Managed Group B,Reporting Pod 1,Dallas Pod 1,Dr. Bennett 2,Morgan Morales,DEMO-000802,1.27,0.839,0.283,3439.71,3,0
Texas,Operations North,Dallas,TE Managed Group B,Reporting Pod 1,Dallas Pod 1,Dr. Bennett 2,Jordan Rivera,DEMO-000803,1.01,0.873,0.415,9601.21,0,0
Texas,Operations North,Dallas,TE Managed Group B,Reporting Pod 1,Dallas Pod 1,Dr. Bennett 2,Reese Wright,DEMO-000804,0.62,1.0,0.297,2074.75,2,0
Texas,Operations North,Dallas,TE Managed Group B,Reporting Pod 1,Dallas Pod 1,Dr. Bennett 2,Casey Kim,DEMO-000805,0.67,0.798,0.256,2914.54,0,0
Texas,Operations North,Dallas,TE Managed Group B,Reporting Pod 1,Dallas Pod 1,Dr. Bennett 2,Rowan Santos,DEMO-000806,1.32,0.809,0.291,2864.5,2,0
Texas,Operations North,Dallas,TE Managed Group B,Reporting Pod 1,Dallas Pod 1,Dr. Bennett 2,Quinn Morales,DEMO-000807,0.99,0.716,0.18,7462.39,0,0
Texas,Operations North,Dallas,TE Managed Group B,Reporting Pod 1,Dallas Pod 1,Dr. Bennett 2,Harper Chen,DEMO-000808,1.13,0.765,0.272,2366.08,0,0
Texas,Operations North,Dallas,TE Managed Group B,Reporting Pod 1,Dallas Pod 1,Dr. Bennett 2,Riley Kim,DEMO-000809,1.58,0.846,0.561,1466.53,1,2
Texas,Operations North,Dallas,TE Managed Group B,Reporting Pod 1,Dallas Pod 1,Dr. Bennett 2,Jordan Wright,DEMO-000810,1.11,0.687,0.403,6786.26,1,0
Texas,Operations North,Dallas,TE Managed Group B,Reporting Pod 1,Dallas Pod 2,Dr. Wright 1,Harper Rivera,DEMO-000811,1.16,0.756,0.454,4163.33,0,0
Texas,Operations North,Dallas,TE Managed Group B,Reporting Pod 1,Dallas Pod 2,Dr. Wright 1,Parker Santos,DEMO-000812,0.76,0.787,0.176,5629.77,1,0
Texas,Operations North,Dallas,TE Managed Group B,Reporting Pod 1,Dallas Pod 2,Dr. Wright 1,Harper Chen,DEMO-000813,0.78,0.717,0.349,1532.71,0,1
Texas,Operations North,Dallas,TE Managed Group B,Reporting Pod 1,Dallas Pod 2,Dr. Wright 1,Riley Hughes,DEMO-000814,1.18,0.885,0.522,8739.63,2,0
Texas,Operations North,Dallas,TE Managed Group B,Reporting Pod 1,Dallas Pod 2,Dr. Wright 1,Kai Ali,DEMO-000815,1.09,0.88,0.438,7496.51,2,0
Texas,Operations North,Dallas,TE Managed Group B,Reporting Pod 1,Dallas Pod 2,Dr. Wright 1,Drew Santos,DEMO-000816,1.32,0.65,0.5,4143.52,2,2
Texas,Operations North,Dallas,TE Managed Group B,Reporting Pod 1,Dallas Pod 2,Dr. Wright 1,Drew Carter,DEMO-000817,0.72,0.873,0.267,3759.69,0,0
Texas,Operations North,Dallas,TE Managed Group B,Reporting Pod 1,Dallas Pod 2,Dr. Wright 1,Emerson Chen,DEMO-000818,0.98,0.888,0.222,3103.67,1,0
Texas,Operations North,Dallas,TE Managed Group B,Reporting Pod 1,Dallas Pod 2,Dr. Wright 1,Rowan Rivera,DEMO-000819,1.12,0.682,0.389,3230.11,3,1
Texas,Operations North,Dallas,TE Managed Group B,Reporting Pod 1,Dallas Pod 2,Dr. Santos 2,Harper Turner,DEMO-000820,1.69,0.619,0.537,2976.0,5,0
Texas,Operations North,Dallas,TE Managed Group B,Reporting Pod 1,Dallas Pod 2,Dr. Santos 2,Emerson Rivera,DEMO-000821,1.24,0.719,0.506,9830.24,2,2
Texas,Operations North,Dallas,TE Managed Group B,Reporting Pod 1,Dallas Pod 2,Dr. Santos 2,Morgan Hughes,DEMO-000822,1.31,0.872,0.438,3213.66,1,0
Texas,Operations North,Dallas,TE Managed Group B,Reporting Pod 1,Dallas Pod 2,Dr. Santos 2,Harper Shah,DEMO-000823,1.09,0.749,0.221,5161.61,3,1
Texas,Operations North,Dallas,TE Managed Group B,Reporting Pod 1,Dallas Pod 2,Dr. Santos 2,Parker Bennett,DEMO-000824,1.64,0.894,0.347,4995.7,2,1
Texas,Operations North,Dallas,TE Managed Group B,Reporting Pod 1,Dallas Pod 2,Dr. Santos 2,Alex Bennett,DEMO-000825,1.31,0.79,0.4,12572.99,0,0
Texas,Operations North,Dallas,TE Managed Group B,Reporting Pod 1,Dallas Pod 2,Dr. Santos 2,Taylor Chen,DEMO-000826,0.92,0.841,0.224,4092.94,3,0
Texas,Operations North,Dallas,TE Managed Group B,Reporting Pod 1,Dallas Pod 2,Dr. Santos 2,Drew Patel,DEMO-000827,0.8,0.579,0.478,3342.52,0,1
Texas,Operations North,Dallas,TE Managed Group B,Reporting Pod 1,Dallas Pod 2,Dr. Santos 2,Blake Carter,DEMO-000828,1.45,0.722,0.779,5494.43,0,1
Texas,Operations North,Dallas,TE Managed Group B,Reporting Pod 2,Dallas Pod 1,Dr. Foster 1,Casey Turner,DEMO-000829,1.17,0.775,0.183,3930.19,0,0
Texas,Operations North,Dallas,TE Managed Group B,Reporting Pod 2,Dallas Pod 1,Dr. Foster 1,Blake Kim,DEMO-000830,0.81,0.865,0.029,2013.12,0,0
Texas,Operations North,Dallas,TE Managed Group B,Reporting Pod 2,Dallas Pod 1,Dr. Foster 1,Harper Bennett,DEMO-000831,1.63,0.685,0.647,13888.56,0,1
Texas,Operations North,Dallas,TE Managed Group B,Reporting Pod 2,Dallas Pod 1,Dr. Foster 1,Alex Wright,DEMO-000832,1.25,0.918,0.138,5304.32,0,0
Texas,Operations North,Dallas,TE Managed Group B,Reporting Pod 2,Dallas Pod 1,Dr. Foster 1,Jordan Shah,DEMO-000833,1.45,0.778,0.207,4974.9,2,0
Texas,Operations North,Dallas,TE Managed Group B,Reporting Pod 2,Dallas Pod 1,Dr. Foster 1,Kai Hughes,DEMO-000834,1.43,0.933,0.32,9238.86,2,0
Texas,Operations North,Dallas,TE Managed Group B,Reporting Pod 2,Dallas Pod 1,Dr. Foster 1,Taylor Shah,DEMO-000835,0.82,0.886,0.338,6761.36,2,0
Texas,Operations North,Dallas,TE Managed Group B,Reporting Pod 2,Dallas Pod 1,Dr. Foster 1,Kai Turner,DEMO-000836,1.8,0.872,0.812,28706.92,3,0
Texas,Operations North,Dallas,TE Managed Group B,Reporting Pod 2,Dallas Pod 1,Dr. Foster 1,Drew Patel,DEMO-000837,1.19,0.781,0.224,3681.16,1,0
Texas,Operations North,Dallas,TE Managed Group B,Reporting Pod 2,Dallas Pod 1,Dr. Chen 2,Avery Cooper,DEMO-000838,1.45,0.996,0.445,10257.51,3,0
Texas,Operations North,Dallas,TE Managed Group B,Reporting Pod 2,Dallas Pod 1,Dr. Chen 2,Quinn Patel,DEMO-000839,1.03,0.724,0.394,7266.73,2,0
Texas,Operations North,Dallas,TE Managed Group B,Reporting Pod 2,Dallas Pod 1,Dr. Chen 2,Kai Wright,DEMO-000840,0.73,0.881,0.233,8597.35,0,1
Texas,Operations North,Dallas,TE Managed Group B,Reporting Pod 2,Dallas Pod 1,Dr. Chen 2,Morgan Kim,DEMO-000841,1.9,0.455,0.788,6868.79,2,2
Texas,Operations North,Dallas,TE Managed Group B,Reporting Pod 2,Dallas Pod 1,Dr. Chen 2,Jordan Morales,DEMO-000842,1.15,0.992,0.319,8443.09,0,0
Texas,Operations North,Dallas,TE Managed Group B,Reporting Pod 2,Dallas Pod 1,Dr. Chen 2,Drew Chen,DEMO-000843,1.15,0.909,0.372,2683.15,0,0
Texas,Operations North,Dallas,TE Managed Group B,Reporting Pod 2,Dallas Pod 1,Dr. Chen 2,Morgan Brooks,DEMO-000844,1.38,0.698,0.342,1542.85,2,0
Texas,Operations North,Dallas,TE Managed Group B,Reporting Pod 2,Dallas Pod 1,Dr. Chen 2,Riley Turner,DEMO-000845,1.12,0.747,0.678,7013.96,1,1
Texas,Operations North,Dallas,TE Managed Group B,Reporting Pod 2,Dallas Pod 1,Dr. Chen 2,Taylor Morales,DEMO-000846,1.14,0.89,0.513,2316.17,0,0
Texas,Operations North,Dallas,TE Managed Group B,Reporting Pod 2,Dallas Pod 2,Dr. Cooper 1,Rowan Carter,DEMO-000847,1.77,0.994,0.512,3975.2,1,0
Texas,Operations North,Dallas,TE Managed Group B,Reporting Pod 2,Dallas Pod 2,Dr. Cooper 1,Rowan Rivera,DEMO-000848,1.18,0.787,0.235,1032.43,2,0
Texas,Operations North,Dallas,TE Managed Group B,Reporting Pod 2,Dallas Pod 2,Dr. Cooper 1,Morgan Hughes,DEMO-000849,1.29,0.562,0.498,2015.47,0,1
Texas,Operations North,Dallas,TE Managed Group B,Reporting Pod 2,Dallas Pod 2,Dr. Cooper 1,Avery Hughes,DEMO-000850,1.38,0.875,0.366,7940.45,1,1
Texas,Operations North,Dallas,TE Managed Group B,Reporting Pod 2,Dallas Pod 2,Dr. Cooper 1,Reese Rivera,DEMO-000851,0.91,0.589,0.559,8944.88,3,0
Texas,Operations North,Dallas,TE Managed Group B,Reporting Pod 2,Dallas Pod 2,Dr. Cooper 1,Quinn Santos,DEMO-000852,0.96,0.904,0.12,7242.32,0,0
Texas,Operations North,Dallas,TE Managed Group B,Reporting Pod 2,Dallas Pod 2,Dr. Cooper 1,Rowan Kim,DEMO-000853,0.96,1.0,0.145,2081.99,1,0
Texas,Operations North,Dallas,TE Managed Group B,Reporting Pod 2,Dallas Pod 2,Dr. Cooper 1,Taylor Foster,DEMO-000854,1.19,0.72,0.341,4556.47,0,0
Texas,Operations North,Dallas,TE Managed Group B,Reporting Pod 2,Dallas Pod 2,Dr. Cooper 1,Morgan Ali,DEMO-000855,0.73,1.0,0.144,4416.98,0,0
Texas,Operations North,Dallas,TE Managed Group B,Reporting Pod 2,Dallas Pod 2,Dr. Ali 2,Harper Wright,DEMO-000856,0.87,0.613,0.22,7132.67,0,1
Texas,Operations North,Dallas,TE Managed Group B,Reporting Pod 2,Dallas Pod 2,Dr. Ali 2,Casey Carter,DEMO-000857,0.96,0.954,0.433,8214.61,2,2
Texas,Operations North,Dallas,TE Managed Group B,Reporting Pod 2,Dallas Pod 2,Dr. Ali 2,Parker Brooks,DEMO-000858,0.83,0.894,0.032,3013.71,0,0
Texas,Operations North,Dallas,TE Managed Group B,Reporting Pod 2,Dallas Pod 2,Dr. Ali 2,Parker Shah,DEMO-000859,1.52,0.776,0.687,5133.14,1,1
Texas,Operations North,Dallas,TE Managed Group B,Reporting Pod 2,Dallas Pod 2,Dr. Ali 2,Taylor Chen,DEMO-000860,0.72,0.87,0.245,5078.56,0,0
Texas,Operations North,Dallas,TE Managed Group B,Reporting Pod 2,Dallas Pod 2,Dr. Ali 2,Jordan Carter,DEMO-000861,1.0,0.848,0.418,8231.44,2,0
Texas,Operations North,Dallas,TE Managed Group B,Reporting Pod 2,Dallas Pod 2,Dr. Ali 2,Casey Ali,DEMO-000862,1.72,0.858,0.581,5623.7,2,3
Texas,Operations North,Dallas,TE Managed Group B,Reporting Pod 2,Dallas Pod 2,Dr. Ali 2,Kai Wright,DEMO-000863,0.88,0.871,0.382,3567.89,1,1
Texas,Operations North,Dallas,TE Managed Group B,Reporting Pod 2,Dallas Pod 2,Dr. Ali 2,Kai Morales,DEMO-000864,0.7,0.865,0.571,13643.27,2,0
Texas,Operations South,Houston,TE Managed Group A,Reporting Pod 1,Houston Pod 1,Dr. Rivera 1,Harper Brooks,DEMO-000865,1.26,0.804,0.29,4795.68,1,0
Texas,Operations South,Houston,TE Managed Group A,Reporting Pod 1,Houston Pod 1,Dr. Rivera 1,Avery Bennett,DEMO-000866,1.48,0.612,0.839,7996.85,0,1
Texas,Operations South,Houston,TE Managed Group A,Reporting Pod 1,Houston Pod 1,Dr. Rivera 1,Blake Santos,DEMO-000867,1.16,0.948,0.135,6033.06,2,0
Texas,Operations South,Houston,TE Managed Group A,Reporting Pod 1,Houston Pod 1,Dr. Rivera 1,Kai Chen,DEMO-000868,1.15,0.966,0.265,4879.33,0,0
Texas,Operations South,Houston,TE Managed Group A,Reporting Pod 1,Houston Pod 1,Dr. Rivera 1,Blake Shah,DEMO-000869,0.51,1.0,0.089,1714.93,1,0
Texas,Operations South,Houston,TE Managed Group A,Reporting Pod 1,Houston Pod 1,Dr. Rivera 1,Casey Cooper,DEMO-000870,1.36,0.876,0.589,3339.15,2,2
Texas,Operations South,Houston,TE Managed Group A,Reporting Pod 1,Houston Pod 1,Dr. Rivera 1,Parker Carter,DEMO-000871,1.46,0.931,0.091,6840.29,2,0
Texas,Operations South,Houston,TE Managed Group A,Reporting Pod 1,Houston Pod 1,Dr. Rivera 1,Quinn Hughes,DEMO-000872,0.65,1.0,0.224,4220.35,2,2
Texas,Operations South,Houston,TE Managed Group A,Reporting Pod 1,Houston Pod 1,Dr. Rivera 1,Blake Ali,DEMO-000873,1.29,0.64,0.359,3502.3,2,0
Texas,Operations South,Houston,TE Managed Group A,Reporting Pod 1,Houston Pod 1,Dr. Kim 2,Avery Rivera,DEMO-000874,1.54,0.722,0.104,5339.59,1,0
Texas,Operations South,Houston,TE Managed Group A,Reporting Pod 1,Houston Pod 1,Dr. Kim 2,Casey Bennett,DEMO-000875,1.84,0.56,0.571,6090.19,1,0
Texas,Operations South,Houston,TE Managed Group A,Reporting Pod 1,Houston Pod 1,Dr. Kim 2,Rowan Patel,DEMO-000876,1.19,0.76,0.487,7514.82,1,1
Texas,Operations South,Houston,TE Managed Group A,Reporting Pod 1,Houston Pod 1,Dr. Kim 2,Avery Bennett,DEMO-000877,0.76,0.569,0.407,7460.66,2,0
Texas,Operations South,Houston,TE Managed Group A,Reporting Pod 1,Houston Pod 1,Dr. Kim 2,Jordan Wright,DEMO-000878,0.98,0.728,0.26,9355.71,1,0
Texas,Operations South,Houston,TE Managed Group A,Reporting Pod 1,Houston Pod 1,Dr. Kim 2,Casey Rivera,DEMO-000879,1.31,0.535,0.644,3113.39,3,0
Texas,Operations South,Houston,TE Managed Group A,Reporting Pod 1,Houston Pod 1,Dr. Kim 2,Casey Rivera,DEMO-000880,1.05,0.834,0.145,5397.91,1,0
Texas,Operations South,Houston,TE Managed Group A,Reporting Pod 1,Houston Pod 1,Dr. Kim 2,Kai Brooks,DEMO-000881,1.06,0.816,0.408,8260.88,3,0
Texas,Operations South,Houston,TE Managed Group A,Reporting Pod 1,Houston Pod 1,Dr. Kim 2,Jordan Patel,DEMO-000882,0.71,0.718,0.306,5488.51,0,1
Texas,Operations South,Houston,TE Managed Group A,Reporting Pod 1,Houston Pod 2,Dr. Hughes 1,Reese Rivera,DEMO-000883,1.0,0.808,0.279,5349.14,2,0
Texas,Operations South,Houston,TE Managed Group A,Reporting Pod 1,Houston Pod 2,Dr. Hughes 1,Parker Rivera,DEMO-000884,1.03,0.913,0.506,8270.0,2,0
Texas,Operations South,Houston,TE Managed Group A,Reporting Pod 1,Houston Pod 2,Dr. Hughes 1,Harper Shah,DEMO-000885,1.31,0.541,0.35,3575.91,1,1
Texas,Operations South,Houston,TE Managed Group A,Reporting Pod 1,Houston Pod 2,Dr. Hughes 1,Harper Foster,DEMO-000886,2.08,0.601,0.868,7587.92,3,0
Texas,Operations South,Houston,TE Managed Group A,Reporting Pod 1,Houston Pod 2,Dr. Hughes 1,Harper Chen,DEMO-000887,1.73,0.852,0.412,6867.99,0,0
Texas,Operations South,Houston,TE Managed Group A,Reporting Pod 1,Houston Pod 2,Dr. Hughes 1,Rowan Brooks,DEMO-000888,1.49,0.599,0.305,6732.72,1,0
Texas,Operations South,Houston,TE Managed Group A,Reporting Pod 1,Houston Pod 2,Dr. Hughes 1,Parker Kim,DEMO-000889,0.93,0.941,0.139,3678.28,1,1
Texas,Operations South,Houston,TE Managed Group A,Reporting Pod 1,Houston Pod 2,Dr. Hughes 1,Jordan Carter,DEMO-000890,1.36,0.771,0.275,18431.37,2,0
Texas,Operations South,Houston,TE Managed Group A,Reporting Pod 1,Houston Pod 2,Dr. Hughes 1,Taylor Foster,DEMO-000891,0.96,0.649,0.188,6828.72,1,0
Texas,Operations South,Houston,TE Managed Group A,Reporting Pod 1,Houston Pod 2,Dr. Patel 2,Drew Brooks,DEMO-000892,1.62,0.768,0.346,14308.58,2,1
Texas,Operations South,Houston,TE Managed Group A,Reporting Pod 1,Houston Pod 2,Dr. Patel 2,Reese Carter,DEMO-000893,0.92,1.0,0.159,6961.61,1,0
Texas,Operations South,Houston,TE Managed Group A,Reporting Pod 1,Houston Pod 2,Dr. Patel 2,Blake Chen,DEMO-000894,1.03,0.674,0.256,3232.83,0,0
Texas,Operations South,Houston,TE Managed Group A,Reporting Pod 1,Houston Pod 2,Dr. Patel 2,Harper Kim,DEMO-000895,1.15,0.778,0.191,2069.65,2,1
Texas,Operations South,Houston,TE Managed Group A,Reporting Pod 1,Houston Pod 2,Dr. Patel 2,Harper Turner,DEMO-000896,1.51,0.776,0.473,5175.98,3,0
Texas,Operations South,Houston,TE Managed Group A,Reporting Pod 1,Houston Pod 2,Dr. Patel 2,Taylor Turner,DEMO-000897,0.97,0.927,0.275,6066.99,1,0
Texas,Operations South,Houston,TE Managed Group A,Reporting Pod 1,Houston Pod 2,Dr. Patel 2,Taylor Foster,DEMO-000898,0.91,0.786,0.317,3635.44,2,0
Texas,Operations South,Houston,TE Managed Group A,Reporting Pod 1,Houston Pod 2,Dr. Patel 2,Rowan Carter,DEMO-000899,1.24,0.548,0.139,4683.86,0,2
Texas,Operations South,Houston,TE Managed Group A,Reporting Pod 1,Houston Pod 2,Dr. Patel 2,Drew Brooks,DEMO-000900,1.1,1.0,0.162,5009.94,3,1
Texas,Operations South,Houston,TE Managed Group A,Reporting Pod 2,Houston Pod 1,Dr. Morales 1,Rowan Kim,DEMO-000901,1.44,0.983,0.744,27686.18,3,2
Texas,Operations South,Houston,TE Managed Group A,Reporting Pod 2,Houston Pod 1,Dr. Morales 1,Avery Patel,DEMO-000902,1.34,0.861,0.304,5931.83,2,0
Texas,Operations South,Houston,TE Managed Group A,Reporting Pod 2,Houston Pod 1,Dr. Morales 1,Kai Hughes,DEMO-000903,1.15,0.855,0.284,3940.12,1,0
Texas,Operations South,Houston,TE Managed Group A,Reporting Pod 2,Houston Pod 1,Dr. Morales 1,Casey Patel,DEMO-000904,0.93,0.876,0.378,3981.79,0,1
Texas,Operations South,Houston,TE Managed Group A,Reporting Pod 2,Houston Pod 1,Dr. Morales 1,Emerson Chen,DEMO-000905,0.92,0.822,0.255,10583.99,2,0
Texas,Operations South,Houston,TE Managed Group A,Reporting Pod 2,Houston Pod 1,Dr. Morales 1,Rowan Brooks,DEMO-000906,1.18,0.674,0.149,2995.26,1,0
Texas,Operations South,Houston,TE Managed Group A,Reporting Pod 2,Houston Pod 1,Dr. Morales 1,Kai Wright,DEMO-000907,1.39,0.776,0.328,4142.17,2,0
Texas,Operations South,Houston,TE Managed Group A,Reporting Pod 2,Houston Pod 1,Dr. Morales 1,Taylor Bennett,DEMO-000908,1.07,0.912,0.258,6601.25,1,0
Texas,Operations South,Houston,TE Managed Group A,Reporting Pod 2,Houston Pod 1,Dr. Morales 1,Parker Santos,DEMO-000909,1.53,0.998,0.461,4524.53,3,1
Texas,Operations South,Houston,TE Managed Group A,Reporting Pod 2,Houston Pod 1,Dr. Carter 2,Harper Chen,DEMO-000910,1.37,0.762,0.6,3386.76,0,1
Texas,Operations South,Houston,TE Managed Group A,Reporting Pod 2,Houston Pod 1,Dr. Carter 2,Blake Wright,DEMO-000911,1.59,0.672,0.604,6017.66,0,0
Texas,Operations South,Houston,TE Managed Group A,Reporting Pod 2,Houston Pod 1,Dr. Carter 2,Kai Patel,DEMO-000912,1.06,0.814,0.638,4361.1,2,0
Texas,Operations South,Houston,TE Managed Group A,Reporting Pod 2,Houston Pod 1,Dr. Carter 2,Morgan Brooks,DEMO-000913,1.04,0.864,0.343,9047.36,1,1
Texas,Operations South,Houston,TE Managed Group A,Reporting Pod 2,Houston Pod 1,Dr. Carter 2,Morgan Rivera,DEMO-000914,1.2,0.905,0.604,18250.5,0,0
Texas,Operations South,Houston,TE Managed Group A,Reporting Pod 2,Houston Pod 1,Dr. Carter 2,Avery Kim,DEMO-000915,1.51,0.762,0.42,3247.66,2,0
Texas,Operations South,Houston,TE Managed Group A,Reporting Pod 2,Houston Pod 1,Dr. Carter 2,Taylor Bennett,DEMO-000916,1.21,0.802,0.132,2710.11,1,0
Texas,Operations South,Houston,TE Managed Group A,Reporting Pod 2,Houston Pod 1,Dr. Carter 2,Jordan Hughes,DEMO-000917,1.69,0.717,0.421,5571.13,1,0
Texas,Operations South,Houston,TE Managed Group A,Reporting Pod 2,Houston Pod 1,Dr. Carter 2,Jordan Carter,DEMO-000918,1.31,0.936,0.528,9527.45,0,1
Texas,Operations South,Houston,TE Managed Group A,Reporting Pod 2,Houston Pod 2,Dr. Shah 1,Avery Patel,DEMO-000919,1.35,0.64,0.51,5409.92,1,1
Texas,Operations South,Houston,TE Managed Group A,Reporting Pod 2,Houston Pod 2,Dr. Shah 1,Riley Wright,DEMO-000920,0.8,0.901,0.246,11009.93,1,0
Texas,Operations South,Houston,TE Managed Group A,Reporting Pod 2,Houston Pod 2,Dr. Shah 1,Morgan Rivera,DEMO-000921,1.63,0.749,0.463,2086.03,1,1
Texas,Operations South,Houston,TE Managed Group A,Reporting Pod 2,Houston Pod 2,Dr. Shah 1,Reese Kim,DEMO-000922,1.13,0.883,0.677,14031.27,2,2
Texas,Operations South,Houston,TE Managed Group A,Reporting Pod 2,Houston Pod 2,Dr. Shah 1,Morgan Brooks,DEMO-000923,1.05,0.782,0.475,4015.98,1,1
Texas,Operations South,Houston,TE Managed Group A,Reporting Pod 2,Houston Pod 2,Dr. Shah 1,Riley Kim,DEMO-000924,1.05,0.874,0.196,3464.76,1,0
Texas,Operations South,Houston,TE Managed Group A,Reporting Pod 2,Houston Pod 2,Dr. Shah 1,Kai Bennett,DEMO-000925,1.11,1.0,0.191,7182.18,2,1
Texas,Operations South,Houston,TE Managed Group A,Reporting Pod 2,Houston Pod 2,Dr. Shah 1,Jordan Morales,DEMO-000926,0.64,0.76,0.111,3582.38,2,0
Texas,Operations South,Houston,TE Managed Group A,Reporting Pod 2,Houston Pod 2,Dr. Shah 1,Taylor Cooper,DEMO-000927,1.39,0.712,0.571,25542.92,4,3
Texas,Operations South,Houston,TE Managed Group A,Reporting Pod 2,Houston Pod 2,Dr. Brooks 2,Reese Patel,DEMO-000928,1.76,0.796,0.47,10549.15,4,1
Texas,Operations South,Houston,TE Managed Group A,Reporting Pod 2,Houston Pod 2,Dr. Brooks 2,Taylor Morales,DEMO-000929,1.41,0.92,0.43,7841.3,3,0
Texas,Operations South,Houston,TE Managed Group A,Reporting Pod 2,Houston Pod 2,Dr. Brooks 2,Rowan Ali,DEMO-000930,1.47,0.683,0.684,8695.39,2,0
Texas,Operations South,Houston,TE Managed Group A,Reporting Pod 2,Houston Pod 2,Dr. Brooks 2,Morgan Foster,DEMO-000931,0.69,0.855,0.18,1982.33,0,0
Texas,Operations South,Houston,TE Managed Group A,Reporting Pod 2,Houston Pod 2,Dr. Brooks 2,Avery Cooper,DEMO-000932,0.91,0.642,0.453,2666.83,2,0
Texas,Operations South,Houston,TE Managed Group A,Reporting Pod 2,Houston Pod 2,Dr. Brooks 2,Blake Wright,DEMO-000933,1.49,0.646,0.526,7118.93,0,0
Texas,Operations South,Houston,TE Managed Group A,Reporting Pod 2,Houston Pod 2,Dr. Brooks 2,Taylor Morales,DEMO-000934,1.4,0.879,0.409,7739.95,2,1
Texas,Operations South,Houston,TE Managed Group A,Reporting Pod 2,Houston Pod 2,Dr. Brooks 2,Avery Santos,DEMO-000935,0.6,0.904,0.164,12858.28,0,0
Texas,Operations South,Houston,TE Managed Group A,Reporting Pod 2,Houston Pod 2,Dr. Brooks 2,Taylor Carter,DEMO-000936,1.46,0.528,0.623,7673.52,2,1
Texas,Operations South,Houston,TE Managed Group B,Reporting Pod 1,Houston Pod 1,Dr. Turner 1,Avery Carter,DEMO-000937,1.2,0.725,0.441,2780.9,0,1
Texas,Operations South,Houston,TE Managed Group B,Reporting Pod 1,Houston Pod 1,Dr. Turner 1,Blake Kim,DEMO-000938,0.7,0.71,0.119,2699.26,0,0
Texas,Operations South,Houston,TE Managed Group B,Reporting Pod 1,Houston Pod 1,Dr. Turner 1,Emerson Patel,DEMO-000939,1.17,0.686,0.566,13917.54,5,1
Texas,Operations South,Houston,TE Managed Group B,Reporting Pod 1,Houston Pod 1,Dr. Turner 1,Emerson Wright,DEMO-000940,1.62,0.731,0.416,5325.21,0,0
Texas,Operations South,Houston,TE Managed Group B,Reporting Pod 1,Houston Pod 1,Dr. Turner 1,Casey Shah,DEMO-000941,0.94,0.983,0.118,23205.47,1,0
Texas,Operations South,Houston,TE Managed Group B,Reporting Pod 1,Houston Pod 1,Dr. Turner 1,Jordan Ali,DEMO-000942,1.55,0.807,0.424,4004.63,0,0
Texas,Operations South,Houston,TE Managed Group B,Reporting Pod 1,Houston Pod 1,Dr. Turner 1,Quinn Brooks,DEMO-000943,1.11,0.69,0.051,4026.45,4,0
Texas,Operations South,Houston,TE Managed Group B,Reporting Pod 1,Houston Pod 1,Dr. Turner 1,Riley Kim,DEMO-000944,1.11,0.702,0.724,5592.66,0,1
Texas,Operations South,Houston,TE Managed Group B,Reporting Pod 1,Houston Pod 1,Dr. Turner 1,Quinn Morales,DEMO-000945,1.22,0.719,0.386,5117.06,0,0
Texas,Operations South,Houston,TE Managed Group B,Reporting Pod 1,Houston Pod 1,Dr. Bennett 2,Quinn Santos,DEMO-000946,0.97,0.98,0.171,5345.57,2,0
Texas,Operations South,Houston,TE Managed Group B,Reporting Pod 1,Houston Pod 1,Dr. Bennett 2,Rowan Bennett,DEMO-000947,1.56,0.648,0.56,13031.21,1,1
Texas,Operations South,Houston,TE Managed Group B,Reporting Pod 1,Houston Pod 1,Dr. Bennett 2,Jordan Bennett,DEMO-000948,1.43,0.971,0.416,8041.5,2,0
Texas,Operations South,Houston,TE Managed Group B,Reporting Pod 1,Houston Pod 1,Dr. Bennett 2,Taylor Hughes,DEMO-000949,1.06,1.0,0.131,4244.05,0,0
Texas,Operations South,Houston,TE Managed Group B,Reporting Pod 1,Houston Pod 1,Dr. Bennett 2,Reese Kim,DEMO-000950,1.46,0.774,0.344,12562.01,0,1
Texas,Operations South,Houston,TE Managed Group B,Reporting Pod 1,Houston Pod 1,Dr. Bennett 2,Blake Santos,DEMO-000951,2.02,0.537,0.818,24625.86,1,1
Texas,Operations South,Houston,TE Managed Group B,Reporting Pod 1,Houston Pod 1,Dr. Bennett 2,Morgan Foster,DEMO-000952,1.31,1.0,0.163,9949.64,2,0
Texas,Operations South,Houston,TE Managed Group B,Reporting Pod 1,Houston Pod 1,Dr. Bennett 2,Quinn Patel,DEMO-000953,1.33,1.0,0.505,22514.9,2,0
Texas,Operations South,Houston,TE Managed Group B,Reporting Pod 1,Houston Pod 1,Dr. Bennett 2,Drew Rivera,DEMO-000954,1.37,1.0,0.374,5152.13,2,0
Texas,Operations South,Houston,TE Managed Group B,Reporting Pod 1,Houston Pod 2,Dr. Wright 1,Quinn Kim,DEMO-000955,1.35,0.86,0.265,7211.54,0,0
Texas,Operations South,Houston,TE Managed Group B,Reporting Pod 1,Houston Pod 2,Dr. Wright 1,Drew Chen,DEMO-000956,1.2,0.954,0.358,12209.78,0,0
Texas,Operations South,Houston,TE Managed Group B,Reporting Pod 1,Houston Pod 2,Dr. Wright 1,Harper Chen,DEMO-000957,1.33,0.995,0.354,3242.67,1,0
Texas,Operations South,Houston,TE Managed Group B,Reporting Pod 1,Houston Pod 2,Dr. Wright 1,Reese Cooper,DEMO-000958,1.45,0.66,0.382,7396.41,2,0
Texas,Operations South,Houston,TE Managed Group B,Reporting Pod 1,Houston Pod 2,Dr. Wright 1,Jordan Santos,DEMO-000959,1.88,0.751,0.742,16720.97,1,0
Texas,Operations South,Houston,TE Managed Group B,Reporting Pod 1,Houston Pod 2,Dr. Wright 1,Taylor Chen,DEMO-000960,1.37,0.825,0.444,3617.69,0,1
Texas,Operations South,Houston,TE Managed Group B,Reporting Pod 1,Houston Pod 2,Dr. Wright 1,Rowan Bennett,DEMO-000961,1.9,0.821,0.465,869.81,1,0
Texas,Operations South,Houston,TE Managed Group B,Reporting Pod 1,Houston Pod 2,Dr. Wright 1,Kai Shah,DEMO-000962,1.31,0.929,0.671,4994.05,1,0
Texas,Operations South,Houston,TE Managed Group B,Reporting Pod 1,Houston Pod 2,Dr. Wright 1,Rowan Wright,DEMO-000963,1.72,0.818,0.427,13285.96,3,1
Texas,Operations South,Houston,TE Managed Group B,Reporting Pod 1,Houston Pod 2,Dr. Santos 2,Blake Kim,DEMO-000964,0.99,0.915,0.368,5845.6,0,1
Texas,Operations South,Houston,TE Managed Group B,Reporting Pod 1,Houston Pod 2,Dr. Santos 2,Quinn Hughes,DEMO-000965,0.79,0.903,0.123,4019.23,0,0
Texas,Operations South,Houston,TE Managed Group B,Reporting Pod 1,Houston Pod 2,Dr. Santos 2,Quinn Ali,DEMO-000966,0.93,0.589,0.428,4774.33,3,1
Texas,Operations South,Houston,TE Managed Group B,Reporting Pod 1,Houston Pod 2,Dr. Santos 2,Avery Hughes,DEMO-000967,1.05,0.737,0.183,2101.79,0,0
Texas,Operations South,Houston,TE Managed Group B,Reporting Pod 1,Houston Pod 2,Dr. Santos 2,Harper Wright,DEMO-000968,1.01,0.787,0.482,7121.12,2,0
Texas,Operations South,Houston,TE Managed Group B,Reporting Pod 1,Houston Pod 2,Dr. Santos 2,Rowan Santos,DEMO-000969,1.26,0.615,0.42,7358.24,0,1
Texas,Operations South,Houston,TE Managed Group B,Reporting Pod 1,Houston Pod 2,Dr. Santos 2,Taylor Morales,DEMO-000970,1.37,0.837,0.607,18199.68,1,0
Texas,Operations South,Houston,TE Managed Group B,Reporting Pod 1,Houston Pod 2,Dr. Santos 2,Kai Santos,DEMO-000971,0.34,0.721,0.258,7235.79,0,0
Texas,Operations South,Houston,TE Managed Group B,Reporting Pod 1,Houston Pod 2,Dr. Santos 2,Casey Carter,DEMO-000972,1.47,0.673,0.632,5674.52,3,1
Texas,Operations South,Houston,TE Managed Group B,Reporting Pod 2,Houston Pod 1,Dr. Foster 1,Taylor Kim,DEMO-000973,1.32,0.935,0.324,7001.71,4,0
Texas,Operations South,Houston,TE Managed Group B,Reporting Pod 2,Houston Pod 1,Dr. Foster 1,Casey Rivera,DEMO-000974,1.07,0.586,0.147,20469.23,0,0
Texas,Operations South,Houston,TE Managed Group B,Reporting Pod 2,Houston Pod 1,Dr. Foster 1,Casey Bennett,DEMO-000975,0.89,0.808,0.119,3860.7,1,1
Texas,Operations South,Houston,TE Managed Group B,Reporting Pod 2,Houston Pod 1,Dr. Foster 1,Alex Carter,DEMO-000976,0.7,0.558,0.165,7912.26,0,1
Texas,Operations South,Houston,TE Managed Group B,Reporting Pod 2,Houston Pod 1,Dr. Foster 1,Riley Santos,DEMO-000977,1.18,0.561,0.408,5015.11,1,1
Texas,Operations South,Houston,TE Managed Group B,Reporting Pod 2,Houston Pod 1,Dr. Foster 1,Quinn Shah,DEMO-000978,1.6,0.456,0.616,12134.79,2,1
Texas,Operations South,Houston,TE Managed Group B,Reporting Pod 2,Houston Pod 1,Dr. Foster 1,Emerson Santos,DEMO-000979,0.92,0.756,0.334,5342.97,1,0
Texas,Operations South,Houston,TE Managed Group B,Reporting Pod 2,Houston Pod 1,Dr. Foster 1,Taylor Hughes,DEMO-000980,1.52,0.645,0.363,3970.21,0,0
Texas,Operations South,Houston,TE Managed Group B,Reporting Pod 2,Houston Pod 1,Dr. Foster 1,Alex Carter,DEMO-000981,0.63,0.903,0.1,864.81,2,0
Texas,Operations South,Houston,TE Managed Group B,Reporting Pod 2,Houston Pod 1,Dr. Chen 2,Reese Kim,DEMO-000982,0.72,0.595,0.532,6257.46,2,0
Texas,Operations South,Houston,TE Managed Group B,Reporting Pod 2,Houston Pod 1,Dr. Chen 2,Jordan Chen,DEMO-000983,1.23,0.755,0.374,4304.2,2,0
Texas,Operations South,Houston,TE Managed Group B,Reporting Pod 2,Houston Pod 1,Dr. Chen 2,Alex Kim,DEMO-000984,1.08,0.754,0.469,7757.11,0,0
Texas,Operations South,Houston,TE Managed Group B,Reporting Pod 2,Houston Pod 1,Dr. Chen 2,Harper Carter,DEMO-000985,1.31,0.833,0.561,6073.64,1,0
Texas,Operations South,Houston,TE Managed Group B,Reporting Pod 2,Houston Pod 1,Dr. Chen 2,Casey Hughes,DEMO-000986,1.5,0.51,0.545,4611.87,2,0
Texas,Operations South,Houston,TE Managed Group B,Reporting Pod 2,Houston Pod 1,Dr. Chen 2,Riley Hughes,DEMO-000987,1.63,0.648,0.532,2896.29,2,0
Texas,Operations South,Houston,TE Managed Group B,Reporting Pod 2,Houston Pod 1,Dr. Chen 2,Emerson Carter,DEMO-000988,1.12,0.828,0.527,2774.54,1,0
Texas,Operations South,Houston,TE Managed Group B,Reporting Pod 2,Houston Pod 1,Dr. Chen 2,Kai Wright,DEMO-000989,1.42,0.809,0.475,6907.89,3,0
Texas,Operations South,Houston,TE Managed Group B,Reporting Pod 2,Houston Pod 1,Dr. Chen 2,Emerson Shah,DEMO-000990,1.43,0.591,0.336,2919.33,1,0
Texas,Operations South,Houston,TE Managed Group B,Reporting Pod 2,Houston Pod 2,Dr. Cooper 1,Avery Santos,DEMO-000991,1.38,0.734,0.143,5392.72,1,0
Texas,Operations South,Houston,TE Managed Group B,Reporting Pod 2,Houston Pod 2,Dr. Cooper 1,Reese Turner,DEMO-000992,0.9,0.701,0.54,10763.2,2,0
Texas,Operations South,Houston,TE Managed Group B,Reporting Pod 2,Houston Pod 2,Dr. Cooper 1,Kai Carter,DEMO-000993,0.94,0.865,0.351,1326.78,0,2
Texas,Operations South,Houston,TE Managed Group B,Reporting Pod 2,Houston Pod 2,Dr. Cooper 1,Casey Rivera,DEMO-000994,1.18,0.761,0.028,2378.58,0,0
Texas,Operations South,Houston,TE Managed Group B,Reporting Pod 2,Houston Pod 2,Dr. Cooper 1,Morgan Bennett,DEMO-000995,1.02,0.749,0.647,2725.56,5,0
Texas,Operations South,Houston,TE Managed Group B,Reporting Pod 2,Houston Pod 2,Dr. Cooper 1,Drew Bennett,DEMO-000996,1.53,0.718,0.639,9618.43,2,0
Texas,Operations South,Houston,TE Managed Group B,Reporting Pod 2,Houston Pod 2,Dr. Cooper 1,Emerson Hughes,DEMO-000997,1.37,0.835,0.419,11894.92,1,1
Texas,Operations South,Houston,TE Managed Group B,Reporting Pod 2,Houston Pod 2,Dr. Cooper 1,Kai Rivera,DEMO-000998,1.49,0.764,0.544,7216.83,1,0
Texas,Operations South,Houston,TE Managed Group B,Reporting Pod 2,Houston Pod 2,Dr. Cooper 1,Avery Wright,DEMO-000999,1.39,0.775,0.712,18404.94,1,0
Texas,Operations South,Houston,TE Managed Group B,Reporting Pod 2,Houston Pod 2,Dr. Ali 2,Alex Hughes,DEMO-001000,0.95,0.758,0.309,9513.73,2,0
Texas,Operations South,Houston,TE Managed Group B,Reporting Pod 2,Houston Pod 2,Dr. Ali 2,Casey Chen,DEMO-001001,1.76,0.858,0.462,3602.53,1,1
Texas,Operations South,Houston,TE Managed Group B,Reporting Pod 2,Houston Pod 2,Dr. Ali 2,Morgan Santos,DEMO-001002,1.52,0.869,0.511,4132.5,2,0
Texas,Operations South,Houston,TE Managed Group B,Reporting Pod 2,Houston Pod 2,Dr. Ali 2,Kai Chen,DEMO-001003,1.24,0.755,0.188,11854.39,0,0
Texas,Operations South,Houston,TE Managed Group B,Reporting Pod 2,Houston Pod 2,Dr. Ali 2,Blake Foster,DEMO-001004,1.38,0.884,0.443,6168.79,1,0
Texas,Operations South,Houston,TE Managed Group B,Reporting Pod 2,Houston Pod 2,Dr. Ali 2,Taylor Turner,DEMO-001005,0.87,0.664,0.456,8519.01,1,0
Texas,Operations South,Houston,TE Managed Group B,Reporting Pod 2,Houston Pod 2,Dr. Ali 2,Blake Patel,DEMO-001006,0.69,0.995,0.052,6519.63,0,0
Texas,Operations South,Houston,TE Managed Group B,Reporting Pod 2,Houston Pod 2,Dr. Ali 2,Drew Bennett,DEMO-001007,0.84,0.837,0.162,2435.3,0,0
Texas,Operations South,Houston,TE Managed Group B,Reporting Pod 2,Houston Pod 2,Dr. Ali 2,Parker Brooks,DEMO-001008,0.74,0.805,0.139,16608.18,1,0
Texas,Operations South,Dallas,TE Managed Group A,Reporting Pod 1,Dallas Pod 1,Dr. Rivera 1,Parker Morales,DEMO-001009,1.67,0.757,0.531,2884.85,1,0
Texas,Operations South,Dallas,TE Managed Group A,Reporting Pod 1,Dallas Pod 1,Dr. Rivera 1,Quinn Ali,DEMO-001010,1.37,0.637,0.239,6040.53,1,1
Texas,Operations South,Dallas,TE Managed Group A,Reporting Pod 1,Dallas Pod 1,Dr. Rivera 1,Reese Carter,DEMO-001011,1.39,0.627,0.557,9527.33,0,0
Texas,Operations South,Dallas,TE Managed Group A,Reporting Pod 1,Dallas Pod 1,Dr. Rivera 1,Casey Santos,DEMO-001012,1.05,0.734,0.196,6173.34,4,0
Texas,Operations South,Dallas,TE Managed Group A,Reporting Pod 1,Dallas Pod 1,Dr. Rivera 1,Emerson Brooks,DEMO-001013,1.59,0.788,0.499,5441.35,2,0
Texas,Operations South,Dallas,TE Managed Group A,Reporting Pod 1,Dallas Pod 1,Dr. Rivera 1,Rowan Morales,DEMO-001014,1.22,0.696,0.335,10684.32,1,0
Texas,Operations South,Dallas,TE Managed Group A,Reporting Pod 1,Dallas Pod 1,Dr. Rivera 1,Morgan Kim,DEMO-001015,1.24,0.899,0.236,13772.69,0,0
Texas,Operations South,Dallas,TE Managed Group A,Reporting Pod 1,Dallas Pod 1,Dr. Rivera 1,Taylor Hughes,DEMO-001016,1.47,0.794,0.23,3628.99,0,0
Texas,Operations South,Dallas,TE Managed Group A,Reporting Pod 1,Dallas Pod 1,Dr. Rivera 1,Jordan Hughes,DEMO-001017,0.64,0.791,0.164,4796.48,0,0
Texas,Operations South,Dallas,TE Managed Group A,Reporting Pod 1,Dallas Pod 1,Dr. Kim 2,Taylor Morales,DEMO-001018,0.87,0.881,0.131,2247.3,1,0
Texas,Operations South,Dallas,TE Managed Group A,Reporting Pod 1,Dallas Pod 1,Dr. Kim 2,Quinn Ali,DEMO-001019,1.19,0.695,0.516,5760.68,1,1
Texas,Operations South,Dallas,TE Managed Group A,Reporting Pod 1,Dallas Pod 1,Dr. Kim 2,Reese Turner,DEMO-001020,0.81,0.807,0.432,7890.46,2,0
Texas,Operations South,Dallas,TE Managed Group A,Reporting Pod 1,Dallas Pod 1,Dr. Kim 2,Drew Foster,DEMO-001021,1.28,0.922,0.34,5507.1,2,1
Texas,Operations South,Dallas,TE Managed Group A,Reporting Pod 1,Dallas Pod 1,Dr. Kim 2,Riley Kim,DEMO-001022,1.19,0.88,0.379,3616.2,0,0
Texas,Operations South,Dallas,TE Managed Group A,Reporting Pod 1,Dallas Pod 1,Dr. Kim 2,Riley Shah,DEMO-001023,1.57,0.772,0.424,6468.65,3,0
Texas,Operations South,Dallas,TE Managed Group A,Reporting Pod 1,Dallas Pod 1,Dr. Kim 2,Parker Ali,DEMO-001024,0.85,0.779,0.078,1564.34,2,0
Texas,Operations South,Dallas,TE Managed Group A,Reporting Pod 1,Dallas Pod 1,Dr. Kim 2,Morgan Kim,DEMO-001025,1.21,0.725,0.314,4715.27,1,0
Texas,Operations South,Dallas,TE Managed Group A,Reporting Pod 1,Dallas Pod 1,Dr. Kim 2,Jordan Chen,DEMO-001026,1.23,1.0,0.417,7043.49,0,0
Texas,Operations South,Dallas,TE Managed Group A,Reporting Pod 1,Dallas Pod 2,Dr. Hughes 1,Parker Morales,DEMO-001027,0.98,0.957,0.461,5368.87,0,0
Texas,Operations South,Dallas,TE Managed Group A,Reporting Pod 1,Dallas Pod 2,Dr. Hughes 1,Kai Carter,DEMO-001028,1.61,0.7,0.826,6953.96,1,0
Texas,Operations South,Dallas,TE Managed Group A,Reporting Pod 1,Dallas Pod 2,Dr. Hughes 1,Rowan Carter,DEMO-001029,1.06,0.896,0.511,5063.12,2,2
Texas,Operations South,Dallas,TE Managed Group A,Reporting Pod 1,Dallas Pod 2,Dr. Hughes 1,Reese Shah,DEMO-001030,0.58,0.854,0.167,5805.58,0,0
Texas,Operations South,Dallas,TE Managed Group A,Reporting Pod 1,Dallas Pod 2,Dr. Hughes 1,Parker Chen,DEMO-001031,1.29,0.838,0.339,4763.51,2,0
Texas,Operations South,Dallas,TE Managed Group A,Reporting Pod 1,Dallas Pod 2,Dr. Hughes 1,Quinn Bennett,DEMO-001032,1.49,0.956,0.333,23550.96,1,0
Texas,Operations South,Dallas,TE Managed Group A,Reporting Pod 1,Dallas Pod 2,Dr. Hughes 1,Riley Morales,DEMO-001033,1.47,0.886,0.721,4560.88,1,2
Texas,Operations South,Dallas,TE Managed Group A,Reporting Pod 1,Dallas Pod 2,Dr. Hughes 1,Kai Kim,DEMO-001034,1.45,0.693,0.699,2422.0,0,0
Texas,Operations South,Dallas,TE Managed Group A,Reporting Pod 1,Dallas Pod 2,Dr. Hughes 1,Rowan Cooper,DEMO-001035,0.71,0.806,0.057,4404.56,1,0
Texas,Operations South,Dallas,TE Managed Group A,Reporting Pod 1,Dallas Pod 2,Dr. Patel 2,Jordan Kim,DEMO-001036,0.92,0.799,0.185,4301.21,2,0
Texas,Operations South,Dallas,TE Managed Group A,Reporting Pod 1,Dallas Pod 2,Dr. Patel 2,Harper Patel,DEMO-001037,1.27,0.849,0.247,14938.85,0,0
Texas,Operations South,Dallas,TE Managed Group A,Reporting Pod 1,Dallas Pod 2,Dr. Patel 2,Reese Ali,DEMO-001038,0.85,0.744,0.22,7769.98,3,0
Texas,Operations South,Dallas,TE Managed Group A,Reporting Pod 1,Dallas Pod 2,Dr. Patel 2,Harper Kim,DEMO-001039,1.02,0.64,0.268,12874.91,2,0
Texas,Operations South,Dallas,TE Managed Group A,Reporting Pod 1,Dallas Pod 2,Dr. Patel 2,Alex Brooks,DEMO-001040,0.98,0.946,0.348,6096.23,2,0
Texas,Operations South,Dallas,TE Managed Group A,Reporting Pod 1,Dallas Pod 2,Dr. Patel 2,Emerson Morales,DEMO-001041,1.08,0.725,0.582,8641.44,0,0
Texas,Operations South,Dallas,TE Managed Group A,Reporting Pod 1,Dallas Pod 2,Dr. Patel 2,Kai Wright,DEMO-001042,1.27,0.865,0.217,4865.27,2,0
Texas,Operations South,Dallas,TE Managed Group A,Reporting Pod 1,Dallas Pod 2,Dr. Patel 2,Taylor Foster,DEMO-001043,1.33,0.956,0.206,3478.24,1,1
Texas,Operations South,Dallas,TE Managed Group A,Reporting Pod 1,Dallas Pod 2,Dr. Patel 2,Reese Carter,DEMO-001044,1.05,0.834,0.151,2418.88,0,1
Texas,Operations South,Dallas,TE Managed Group A,Reporting Pod 2,Dallas Pod 1,Dr. Morales 1,Kai Chen,DEMO-001045,1.25,0.759,0.223,9553.67,1,0
Texas,Operations South,Dallas,TE Managed Group A,Reporting Pod 2,Dallas Pod 1,Dr. Morales 1,Alex Morales,DEMO-001046,1.56,0.67,0.668,11003.69,1,1
Texas,Operations South,Dallas,TE Managed Group A,Reporting Pod 2,Dallas Pod 1,Dr. Morales 1,Kai Cooper,DEMO-001047,2.01,0.734,0.791,45705.7,2,1
Texas,Operations South,Dallas,TE Managed Group A,Reporting Pod 2,Dallas Pod 1,Dr. Morales 1,Alex Shah,DEMO-001048,0.83,0.981,0.23,5154.8,1,1
Texas,Operations South,Dallas,TE Managed Group A,Reporting Pod 2,Dallas Pod 1,Dr. Morales 1,Riley Turner,DEMO-001049,1.5,0.912,0.317,25168.01,2,0
Texas,Operations South,Dallas,TE Managed Group A,Reporting Pod 2,Dallas Pod 1,Dr. Morales 1,Avery Foster,DEMO-001050,0.87,0.898,0.351,4577.57,2,0
Texas,Operations South,Dallas,TE Managed Group A,Reporting Pod 2,Dallas Pod 1,Dr. Morales 1,Parker Foster,DEMO-001051,1.36,0.891,0.544,4150.77,2,0
Texas,Operations South,Dallas,TE Managed Group A,Reporting Pod 2,Dallas Pod 1,Dr. Morales 1,Parker Shah,DEMO-001052,0.64,0.9,0.094,11017.59,1,1
Texas,Operations South,Dallas,TE Managed Group A,Reporting Pod 2,Dallas Pod 1,Dr. Morales 1,Emerson Wright,DEMO-001053,1.24,0.846,0.273,7197.81,4,0
Texas,Operations South,Dallas,TE Managed Group A,Reporting Pod 2,Dallas Pod 1,Dr. Carter 2,Avery Chen,DEMO-001054,1.33,0.7,0.354,6330.77,3,0
Texas,Operations South,Dallas,TE Managed Group A,Reporting Pod 2,Dallas Pod 1,Dr. Carter 2,Casey Patel,DEMO-001055,0.85,0.866,0.144,3833.2,2,0
Texas,Operations South,Dallas,TE Managed Group A,Reporting Pod 2,Dallas Pod 1,Dr. Carter 2,Jordan Patel,DEMO-001056,1.17,0.608,0.489,7174.52,3,0
Texas,Operations South,Dallas,TE Managed Group A,Reporting Pod 2,Dallas Pod 1,Dr. Carter 2,Parker Kim,DEMO-001057,0.74,0.839,0.161,2725.85,1,0
Texas,Operations South,Dallas,TE Managed Group A,Reporting Pod 2,Dallas Pod 1,Dr. Carter 2,Blake Kim,DEMO-001058,1.7,0.694,0.731,21167.41,5,1
Texas,Operations South,Dallas,TE Managed Group A,Reporting Pod 2,Dallas Pod 1,Dr. Carter 2,Morgan Cooper,DEMO-001059,1.23,0.601,0.384,6042.27,2,0
Texas,Operations South,Dallas,TE Managed Group A,Reporting Pod 2,Dallas Pod 1,Dr. Carter 2,Kai Santos,DEMO-001060,1.33,0.699,0.47,3403.8,1,0
Texas,Operations South,Dallas,TE Managed Group A,Reporting Pod 2,Dallas Pod 1,Dr. Carter 2,Rowan Kim,DEMO-001061,1.07,0.836,0.265,3697.85,2,0
Texas,Operations South,Dallas,TE Managed Group A,Reporting Pod 2,Dallas Pod 1,Dr. Carter 2,Drew Wright,DEMO-001062,1.24,0.766,0.194,3769.65,0,0
Texas,Operations South,Dallas,TE Managed Group A,Reporting Pod 2,Dallas Pod 2,Dr. Shah 1,Riley Carter,DEMO-001063,0.99,0.79,0.263,12224.02,2,0
Texas,Operations South,Dallas,TE Managed Group A,Reporting Pod 2,Dallas Pod 2,Dr. Shah 1,Reese Wright,DEMO-001064,1.92,0.68,0.626,9207.94,2,0
Texas,Operations South,Dallas,TE Managed Group A,Reporting Pod 2,Dallas Pod 2,Dr. Shah 1,Emerson Santos,DEMO-001065,1.03,0.954,0.25,5791.91,0,1
Texas,Operations South,Dallas,TE Managed Group A,Reporting Pod 2,Dallas Pod 2,Dr. Shah 1,Drew Bennett,DEMO-001066,1.44,1.0,0.538,5921.69,1,0
Texas,Operations South,Dallas,TE Managed Group A,Reporting Pod 2,Dallas Pod 2,Dr. Shah 1,Taylor Rivera,DEMO-001067,1.42,0.731,0.281,9310.24,2,0
Texas,Operations South,Dallas,TE Managed Group A,Reporting Pod 2,Dallas Pod 2,Dr. Shah 1,Blake Shah,DEMO-001068,1.22,0.746,0.357,16800.0,3,1
Texas,Operations South,Dallas,TE Managed Group A,Reporting Pod 2,Dallas Pod 2,Dr. Shah 1,Reese Hughes,DEMO-001069,1.25,0.737,0.672,6745.12,2,1
Texas,Operations South,Dallas,TE Managed Group A,Reporting Pod 2,Dallas Pod 2,Dr. Shah 1,Parker Ali,DEMO-001070,1.03,0.967,0.105,7588.51,1,0
Texas,Operations South,Dallas,TE Managed Group A,Reporting Pod 2,Dallas Pod 2,Dr. Shah 1,Kai Wright,DEMO-001071,1.49,0.687,0.46,2595.84,1,0
Texas,Operations South,Dallas,TE Managed Group A,Reporting Pod 2,Dallas Pod 2,Dr. Brooks 2,Alex Carter,DEMO-001072,1.55,0.71,0.658,3291.02,2,0
Texas,Operations South,Dallas,TE Managed Group A,Reporting Pod 2,Dallas Pod 2,Dr. Brooks 2,Morgan Santos,DEMO-001073,1.26,0.901,0.279,6127.34,0,1
Texas,Operations South,Dallas,TE Managed Group A,Reporting Pod 2,Dallas Pod 2,Dr. Brooks 2,Quinn Cooper,DEMO-001074,1.19,0.729,0.109,8747.93,1,0
Texas,Operations South,Dallas,TE Managed Group A,Reporting Pod 2,Dallas Pod 2,Dr. Brooks 2,Harper Bennett,DEMO-001075,1.25,0.888,0.317,12374.16,0,1
Texas,Operations South,Dallas,TE Managed Group A,Reporting Pod 2,Dallas Pod 2,Dr. Brooks 2,Emerson Bennett,DEMO-001076,1.23,0.58,0.5,5002.38,1,1
Texas,Operations South,Dallas,TE Managed Group A,Reporting Pod 2,Dallas Pod 2,Dr. Brooks 2,Taylor Shah,DEMO-001077,1.08,0.841,0.291,3578.69,2,1
Texas,Operations South,Dallas,TE Managed Group A,Reporting Pod 2,Dallas Pod 2,Dr. Brooks 2,Casey Morales,DEMO-001078,1.17,0.534,0.31,7574.48,0,0
Texas,Operations South,Dallas,TE Managed Group A,Reporting Pod 2,Dallas Pod 2,Dr. Brooks 2,Emerson Kim,DEMO-001079,1.17,0.736,0.114,4338.95,0,1
Texas,Operations South,Dallas,TE Managed Group A,Reporting Pod 2,Dallas Pod 2,Dr. Brooks 2,Jordan Ali,DEMO-001080,1.27,1.0,0.316,2291.28,1,0
Texas,Operations South,Dallas,TE Managed Group B,Reporting Pod 1,Dallas Pod 1,Dr. Turner 1,Casey Shah,DEMO-001081,1.01,0.716,0.216,3118.92,1,0
Texas,Operations South,Dallas,TE Managed Group B,Reporting Pod 1,Dallas Pod 1,Dr. Turner 1,Kai Shah,DEMO-001082,2.09,0.653,0.602,8726.57,1,1
Texas,Operations South,Dallas,TE Managed Group B,Reporting Pod 1,Dallas Pod 1,Dr. Turner 1,Riley Santos,DEMO-001083,1.12,0.908,0.331,7023.59,1,0
Texas,Operations South,Dallas,TE Managed Group B,Reporting Pod 1,Dallas Pod 1,Dr. Turner 1,Reese Bennett,DEMO-001084,1.41,0.649,0.341,5051.8,2,0
Texas,Operations South,Dallas,TE Managed Group B,Reporting Pod 1,Dallas Pod 1,Dr. Turner 1,Emerson Patel,DEMO-001085,0.94,0.711,0.532,5393.63,0,0
Texas,Operations South,Dallas,TE Managed Group B,Reporting Pod 1,Dallas Pod 1,Dr. Turner 1,Parker Cooper,DEMO-001086,1.3,0.703,0.545,2644.71,1,2
Texas,Operations South,Dallas,TE Managed Group B,Reporting Pod 1,Dallas Pod 1,Dr. Turner 1,Emerson Turner,DEMO-001087,1.65,0.883,0.425,2211.83,1,0
Texas,Operations South,Dallas,TE Managed Group B,Reporting Pod 1,Dallas Pod 1,Dr. Turner 1,Rowan Carter,DEMO-001088,1.17,0.961,0.247,13529.97,1,0
Texas,Operations South,Dallas,TE Managed Group B,Reporting Pod 1,Dallas Pod 1,Dr. Turner 1,Harper Cooper,DEMO-001089,1.05,0.882,0.221,9317.22,2,0
Texas,Operations South,Dallas,TE Managed Group B,Reporting Pod 1,Dallas Pod 1,Dr. Bennett 2,Riley Patel,DEMO-001090,1.44,0.862,0.407,23039.61,1,1
Texas,Operations South,Dallas,TE Managed Group B,Reporting Pod 1,Dallas Pod 1,Dr. Bennett 2,Jordan Bennett,DEMO-001091,1.02,0.918,0.496,6907.39,0,1
Texas,Operations South,Dallas,TE Managed Group B,Reporting Pod 1,Dallas Pod 1,Dr. Bennett 2,Blake Foster,DEMO-001092,1.21,0.662,0.272,4687.29,1,0
Texas,Operations South,Dallas,TE Managed Group B,Reporting Pod 1,Dallas Pod 1,Dr. Bennett 2,Taylor Patel,DEMO-001093,0.9,0.889,0.213,24449.49,1,1
Texas,Operations South,Dallas,TE Managed Group B,Reporting Pod 1,Dallas Pod 1,Dr. Bennett 2,Avery Santos,DEMO-001094,1.37,0.732,0.605,4247.03,1,2
Texas,Operations South,Dallas,TE Managed Group B,Reporting Pod 1,Dallas Pod 1,Dr. Bennett 2,Riley Cooper,DEMO-001095,1.25,0.778,0.605,7694.63,2,0
Texas,Operations South,Dallas,TE Managed Group B,Reporting Pod 1,Dallas Pod 1,Dr. Bennett 2,Emerson Wright,DEMO-001096,1.89,0.836,0.583,4266.5,1,0
Texas,Operations South,Dallas,TE Managed Group B,Reporting Pod 1,Dallas Pod 1,Dr. Bennett 2,Quinn Carter,DEMO-001097,2.02,0.985,0.673,4278.28,1,1
Texas,Operations South,Dallas,TE Managed Group B,Reporting Pod 1,Dallas Pod 1,Dr. Bennett 2,Rowan Chen,DEMO-001098,1.19,0.757,0.446,4202.32,1,0
Texas,Operations South,Dallas,TE Managed Group B,Reporting Pod 1,Dallas Pod 2,Dr. Wright 1,Emerson Bennett,DEMO-001099,1.39,0.87,0.393,5246.25,2,1
Texas,Operations South,Dallas,TE Managed Group B,Reporting Pod 1,Dallas Pod 2,Dr. Wright 1,Blake Kim,DEMO-001100,1.22,0.721,0.434,3259.55,3,0
Texas,Operations South,Dallas,TE Managed Group B,Reporting Pod 1,Dallas Pod 2,Dr. Wright 1,Jordan Wright,DEMO-001101,1.69,0.604,0.523,5755.99,1,0
Texas,Operations South,Dallas,TE Managed Group B,Reporting Pod 1,Dallas Pod 2,Dr. Wright 1,Taylor Chen,DEMO-001102,0.95,0.739,0.129,5007.5,0,0
Texas,Operations South,Dallas,TE Managed Group B,Reporting Pod 1,Dallas Pod 2,Dr. Wright 1,Blake Brooks,DEMO-001103,1.44,0.74,0.431,12211.95,2,0
Texas,Operations South,Dallas,TE Managed Group B,Reporting Pod 1,Dallas Pod 2,Dr. Wright 1,Jordan Cooper,DEMO-001104,1.15,0.636,0.376,3788.27,0,0
Texas,Operations South,Dallas,TE Managed Group B,Reporting Pod 1,Dallas Pod 2,Dr. Wright 1,Taylor Rivera,DEMO-001105,1.41,0.599,0.141,2390.06,0,0
Texas,Operations South,Dallas,TE Managed Group B,Reporting Pod 1,Dallas Pod 2,Dr. Wright 1,Emerson Santos,DEMO-001106,1.1,0.709,0.651,2848.03,3,2
Texas,Operations South,Dallas,TE Managed Group B,Reporting Pod 1,Dallas Pod 2,Dr. Wright 1,Casey Rivera,DEMO-001107,1.53,0.621,0.691,7148.95,1,0
Texas,Operations South,Dallas,TE Managed Group B,Reporting Pod 1,Dallas Pod 2,Dr. Santos 2,Avery Foster,DEMO-001108,1.47,0.965,0.462,3068.34,0,1
Texas,Operations South,Dallas,TE Managed Group B,Reporting Pod 1,Dallas Pod 2,Dr. Santos 2,Emerson Ali,DEMO-001109,0.68,1.0,0.323,6897.49,2,0
Texas,Operations South,Dallas,TE Managed Group B,Reporting Pod 1,Dallas Pod 2,Dr. Santos 2,Emerson Brooks,DEMO-001110,1.33,0.923,0.481,11696.04,3,1
Texas,Operations South,Dallas,TE Managed Group B,Reporting Pod 1,Dallas Pod 2,Dr. Santos 2,Harper Santos,DEMO-001111,1.29,0.786,0.374,7958.26,2,1
Texas,Operations South,Dallas,TE Managed Group B,Reporting Pod 1,Dallas Pod 2,Dr. Santos 2,Emerson Wright,DEMO-001112,1.39,0.727,0.352,13955.48,3,0
Texas,Operations South,Dallas,TE Managed Group B,Reporting Pod 1,Dallas Pod 2,Dr. Santos 2,Harper Wright,DEMO-001113,1.32,0.623,0.525,2452.67,1,1
Texas,Operations South,Dallas,TE Managed Group B,Reporting Pod 1,Dallas Pod 2,Dr. Santos 2,Blake Hughes,DEMO-001114,1.27,0.907,0.258,3362.82,1,0
Texas,Operations South,Dallas,TE Managed Group B,Reporting Pod 1,Dallas Pod 2,Dr. Santos 2,Parker Cooper,DEMO-001115,1.51,0.811,0.432,2197.16,2,1
Texas,Operations South,Dallas,TE Managed Group B,Reporting Pod 1,Dallas Pod 2,Dr. Santos 2,Drew Hughes,DEMO-001116,1.18,0.944,0.462,10284.39,1,0
Texas,Operations South,Dallas,TE Managed Group B,Reporting Pod 2,Dallas Pod 1,Dr. Foster 1,Avery Turner,DEMO-001117,0.86,1.0,0.024,5892.84,0,0
Texas,Operations South,Dallas,TE Managed Group B,Reporting Pod 2,Dallas Pod 1,Dr. Foster 1,Casey Kim,DEMO-001118,1.97,0.616,0.754,18659.7,1,0
Texas,Operations South,Dallas,TE Managed Group B,Reporting Pod 2,Dallas Pod 1,Dr. Foster 1,Parker Shah,DEMO-001119,1.8,0.682,0.5,16655.15,0,1
Texas,Operations South,Dallas,TE Managed Group B,Reporting Pod 2,Dallas Pod 1,Dr. Foster 1,Drew Brooks,DEMO-001120,0.99,0.802,0.229,4735.66,2,0
Texas,Operations South,Dallas,TE Managed Group B,Reporting Pod 2,Dallas Pod 1,Dr. Foster 1,Blake Bennett,DEMO-001121,1.57,0.628,0.569,5969.04,2,0
Texas,Operations South,Dallas,TE Managed Group B,Reporting Pod 2,Dallas Pod 1,Dr. Foster 1,Alex Kim,DEMO-001122,1.11,0.658,0.426,12427.2,2,0
Texas,Operations South,Dallas,TE Managed Group B,Reporting Pod 2,Dallas Pod 1,Dr. Foster 1,Harper Cooper,DEMO-001123,1.14,0.58,0.156,4544.35,2,0
Texas,Operations South,Dallas,TE Managed Group B,Reporting Pod 2,Dallas Pod 1,Dr. Foster 1,Alex Cooper,DEMO-001124,0.9,0.937,0.442,7846.4,1,0
Texas,Operations South,Dallas,TE Managed Group B,Reporting Pod 2,Dallas Pod 1,Dr. Foster 1,Kai Bennett,DEMO-001125,1.61,0.729,0.62,6632.82,2,1
Texas,Operations South,Dallas,TE Managed Group B,Reporting Pod 2,Dallas Pod 1,Dr. Chen 2,Parker Ali,DEMO-001126,1.27,0.772,0.447,2958.81,1,0
Texas,Operations South,Dallas,TE Managed Group B,Reporting Pod 2,Dallas Pod 1,Dr. Chen 2,Casey Shah,DEMO-001127,1.11,0.764,0.323,15736.32,0,0
Texas,Operations South,Dallas,TE Managed Group B,Reporting Pod 2,Dallas Pod 1,Dr. Chen 2,Avery Ali,DEMO-001128,1.58,0.979,0.462,7072.92,0,0
Texas,Operations South,Dallas,TE Managed Group B,Reporting Pod 2,Dallas Pod 1,Dr. Chen 2,Casey Carter,DEMO-001129,0.96,0.835,0.268,9745.3,0,0
Texas,Operations South,Dallas,TE Managed Group B,Reporting Pod 2,Dallas Pod 1,Dr. Chen 2,Reese Kim,DEMO-001130,1.46,0.81,0.519,2839.31,2,0
Texas,Operations South,Dallas,TE Managed Group B,Reporting Pod 2,Dallas Pod 1,Dr. Chen 2,Blake Kim,DEMO-001131,0.85,1.0,0.308,5298.22,0,0
Texas,Operations South,Dallas,TE Managed Group B,Reporting Pod 2,Dallas Pod 1,Dr. Chen 2,Casey Santos,DEMO-001132,1.62,0.958,0.177,6126.15,3,0
Texas,Operations South,Dallas,TE Managed Group B,Reporting Pod 2,Dallas Pod 1,Dr. Chen 2,Taylor Ali,DEMO-001133,1.14,1.0,0.33,4942.12,0,0
Texas,Operations South,Dallas,TE Managed Group B,Reporting Pod 2,Dallas Pod 1,Dr. Chen 2,Casey Wright,DEMO-001134,1.02,0.854,0.24,6223.57,0,2
Texas,Operations South,Dallas,TE Managed Group B,Reporting Pod 2,Dallas Pod 2,Dr. Cooper 1,Kai Patel,DEMO-001135,0.84,0.7,0.11,8820.78,1,1
Texas,Operations South,Dallas,TE Managed Group B,Reporting Pod 2,Dallas Pod 2,Dr. Cooper 1,Avery Patel,DEMO-001136,1.01,1.0,0.106,4062.66,1,0
Texas,Operations South,Dallas,TE Managed Group B,Reporting Pod 2,Dallas Pod 2,Dr. Cooper 1,Emerson Foster,DEMO-001137,1.43,0.933,0.075,6651.04,0,0
Texas,Operations South,Dallas,TE Managed Group B,Reporting Pod 2,Dallas Pod 2,Dr. Cooper 1,Morgan Ali,DEMO-001138,0.91,0.746,0.628,8233.03,2,0
Texas,Operations South,Dallas,TE Managed Group B,Reporting Pod 2,Dallas Pod 2,Dr. Cooper 1,Emerson Carter,DEMO-001139,0.61,0.953,0.158,12519.42,0,0
Texas,Operations South,Dallas,TE Managed Group B,Reporting Pod 2,Dallas Pod 2,Dr. Cooper 1,Parker Shah,DEMO-001140,0.9,0.899,0.13,854.4,0,1
Texas,Operations South,Dallas,TE Managed Group B,Reporting Pod 2,Dallas Pod 2,Dr. Cooper 1,Quinn Patel,DEMO-001141,1.16,0.892,0.304,8916.4,1,0
Texas,Operations South,Dallas,TE Managed Group B,Reporting Pod 2,Dallas Pod 2,Dr. Cooper 1,Blake Patel,DEMO-001142,1.17,0.852,0.581,5871.32,0,1
Texas,Operations South,Dallas,TE Managed Group B,Reporting Pod 2,Dallas Pod 2,Dr. Cooper 1,Jordan Ali,DEMO-001143,1.43,0.79,0.432,10596.77,2,0
Texas,Operations South,Dallas,TE Managed Group B,Reporting Pod 2,Dallas Pod 2,Dr. Ali 2,Jordan Foster,DEMO-001144,1.3,0.686,0.431,5297.96,2,1
Texas,Operations South,Dallas,TE Managed Group B,Reporting Pod 2,Dallas Pod 2,Dr. Ali 2,Avery Hughes,DEMO-001145,1.26,0.709,0.636,3855.42,2,1
Texas,Operations South,Dallas,TE Managed Group B,Reporting Pod 2,Dallas Pod 2,Dr. Ali 2,Jordan Chen,DEMO-001146,1.18,0.954,0.362,5904.54,0,0
Texas,Operations South,Dallas,TE Managed Group B,Reporting Pod 2,Dallas Pod 2,Dr. Ali 2,Blake Kim,DEMO-001147,1.1,0.684,0.356,4604.61,0,1
Texas,Operations South,Dallas,TE Managed Group B,Reporting Pod 2,Dallas Pod 2,Dr. Ali 2,Jordan Santos,DEMO-001148,1.32,0.967,0.08,5425.63,0,1
Texas,Operations South,Dallas,TE Managed Group B,Reporting Pod 2,Dallas Pod 2,Dr. Ali 2,Morgan Carter,DEMO-001149,0.86,0.791,0.181,11997.71,1,0
Texas,Operations South,Dallas,TE Managed Group B,Reporting Pod 2,Dallas Pod 2,Dr. Ali 2,Alex Kim,DEMO-001150,1.21,0.885,0.3,3380.58,3,1
Texas,Operations South,Dallas,TE Managed Group B,Reporting Pod 2,Dallas Pod 2,Dr. Ali 2,Quinn Ali,DEMO-001151,1.32,0.805,0.25,12004.71,0,0
Texas,Operations South,Dallas,TE Managed Group B,Reporting Pod 2,Dallas Pod 2,Dr. Ali 2,Reese Wright,DEMO-001152,0.88,0.976,0.332,8181.52,0,0
Arizona,Operations North,Phoenix,AR Managed Group A,Reporting Pod 1,Phoenix Pod 1,Dr. Rivera 1,Kai Foster,DEMO-001153,1.44,0.804,0.545,7363.58,2,0
Arizona,Operations North,Phoenix,AR Managed Group A,Reporting Pod 1,Phoenix Pod 1,Dr. Rivera 1,Casey Wright,DEMO-001154,1.31,0.891,0.623,12202.75,1,0
Arizona,Operations North,Phoenix,AR Managed Group A,Reporting Pod 1,Phoenix Pod 1,Dr. Rivera 1,Blake Kim,DEMO-001155,0.88,0.91,0.358,1522.49,1,1
Arizona,Operations North,Phoenix,AR Managed Group A,Reporting Pod 1,Phoenix Pod 1,Dr. Rivera 1,Morgan Cooper,DEMO-001156,1.55,1.0,0.184,3186.87,1,0
Arizona,Operations North,Phoenix,AR Managed Group A,Reporting Pod 1,Phoenix Pod 1,Dr. Rivera 1,Parker Chen,DEMO-001157,1.06,0.822,0.241,2511.71,0,0
Arizona,Operations North,Phoenix,AR Managed Group A,Reporting Pod 1,Phoenix Pod 1,Dr. Rivera 1,Reese Brooks,DEMO-001158,1.48,1.0,0.391,7018.09,1,1
Arizona,Operations North,Phoenix,AR Managed Group A,Reporting Pod 1,Phoenix Pod 1,Dr. Rivera 1,Emerson Bennett,DEMO-001159,0.45,1.0,0.12,15055.67,0,0
Arizona,Operations North,Phoenix,AR Managed Group A,Reporting Pod 1,Phoenix Pod 1,Dr. Rivera 1,Jordan Patel,DEMO-001160,1.11,0.626,0.27,2435.7,3,0
Arizona,Operations North,Phoenix,AR Managed Group A,Reporting Pod 1,Phoenix Pod 1,Dr. Rivera 1,Quinn Santos,DEMO-001161,1.23,0.772,0.35,2681.74,0,0
Arizona,Operations North,Phoenix,AR Managed Group A,Reporting Pod 1,Phoenix Pod 1,Dr. Kim 2,Harper Patel,DEMO-001162,1.72,0.866,0.547,7334.53,0,0
Arizona,Operations North,Phoenix,AR Managed Group A,Reporting Pod 1,Phoenix Pod 1,Dr. Kim 2,Kai Turner,DEMO-001163,1.03,0.905,0.361,11855.17,0,0
Arizona,Operations North,Phoenix,AR Managed Group A,Reporting Pod 1,Phoenix Pod 1,Dr. Kim 2,Parker Hughes,DEMO-001164,1.36,0.736,0.294,14938.39,2,0
Arizona,Operations North,Phoenix,AR Managed Group A,Reporting Pod 1,Phoenix Pod 1,Dr. Kim 2,Morgan Cooper,DEMO-001165,1.11,0.47,0.743,4224.03,2,1
Arizona,Operations North,Phoenix,AR Managed Group A,Reporting Pod 1,Phoenix Pod 1,Dr. Kim 2,Harper Wright,DEMO-001166,0.97,0.775,0.327,1733.66,2,0
Arizona,Operations North,Phoenix,AR Managed Group A,Reporting Pod 1,Phoenix Pod 1,Dr. Kim 2,Harper Morales,DEMO-001167,1.64,0.894,0.473,10959.47,2,2
Arizona,Operations North,Phoenix,AR Managed Group A,Reporting Pod 1,Phoenix Pod 1,Dr. Kim 2,Drew Carter,DEMO-001168,1.72,0.751,0.768,10410.11,3,1
Arizona,Operations North,Phoenix,AR Managed Group A,Reporting Pod 1,Phoenix Pod 1,Dr. Kim 2,Parker Ali,DEMO-001169,1.23,0.69,0.433,13322.83,1,1
Arizona,Operations North,Phoenix,AR Managed Group A,Reporting Pod 1,Phoenix Pod 1,Dr. Kim 2,Parker Wright,DEMO-001170,1.14,0.878,0.122,4792.06,1,0
Arizona,Operations North,Phoenix,AR Managed Group A,Reporting Pod 1,Phoenix Pod 2,Dr. Hughes 1,Avery Turner,DEMO-001171,1.16,0.956,0.418,3578.87,0,0
Arizona,Operations North,Phoenix,AR Managed Group A,Reporting Pod 1,Phoenix Pod 2,Dr. Hughes 1,Casey Ali,DEMO-001172,0.9,0.983,0.293,10389.38,2,0
Arizona,Operations North,Phoenix,AR Managed Group A,Reporting Pod 1,Phoenix Pod 2,Dr. Hughes 1,Casey Wright,DEMO-001173,1.52,0.843,0.502,5211.72,0,0
Arizona,Operations North,Phoenix,AR Managed Group A,Reporting Pod 1,Phoenix Pod 2,Dr. Hughes 1,Morgan Turner,DEMO-001174,0.94,0.698,0.417,5032.66,3,0
Arizona,Operations North,Phoenix,AR Managed Group A,Reporting Pod 1,Phoenix Pod 2,Dr. Hughes 1,Quinn Cooper,DEMO-001175,0.93,0.956,0.131,13596.8,0,0
Arizona,Operations North,Phoenix,AR Managed Group A,Reporting Pod 1,Phoenix Pod 2,Dr. Hughes 1,Parker Turner,DEMO-001176,1.21,0.883,0.295,4029.5,0,1
Arizona,Operations North,Phoenix,AR Managed Group A,Reporting Pod 1,Phoenix Pod 2,Dr. Hughes 1,Rowan Cooper,DEMO-001177,1.53,0.884,0.625,8056.34,1,1
Arizona,Operations North,Phoenix,AR Managed Group A,Reporting Pod 1,Phoenix Pod 2,Dr. Hughes 1,Harper Turner,DEMO-001178,0.92,1.0,0.323,10419.4,1,0
Arizona,Operations North,Phoenix,AR Managed Group A,Reporting Pod 1,Phoenix Pod 2,Dr. Hughes 1,Rowan Carter,DEMO-001179,1.14,0.81,0.23,10680.08,1,0
Arizona,Operations North,Phoenix,AR Managed Group A,Reporting Pod 1,Phoenix Pod 2,Dr. Patel 2,Reese Brooks,DEMO-001180,1.4,0.763,0.49,4585.9,1,0
Arizona,Operations North,Phoenix,AR Managed Group A,Reporting Pod 1,Phoenix Pod 2,Dr. Patel 2,Alex Ali,DEMO-001181,1.08,0.708,0.449,13315.59,3,0
Arizona,Operations North,Phoenix,AR Managed Group A,Reporting Pod 1,Phoenix Pod 2,Dr. Patel 2,Kai Foster,DEMO-001182,1.44,1.0,0.329,3525.97,1,0
Arizona,Operations North,Phoenix,AR Managed Group A,Reporting Pod 1,Phoenix Pod 2,Dr. Patel 2,Avery Rivera,DEMO-001183,0.76,0.793,0.331,1171.3,0,1
Arizona,Operations North,Phoenix,AR Managed Group A,Reporting Pod 1,Phoenix Pod 2,Dr. Patel 2,Riley Shah,DEMO-001184,1.24,0.896,0.175,5807.71,2,0
Arizona,Operations North,Phoenix,AR Managed Group A,Reporting Pod 1,Phoenix Pod 2,Dr. Patel 2,Morgan Patel,DEMO-001185,1.6,0.697,0.283,4140.07,1,1
Arizona,Operations North,Phoenix,AR Managed Group A,Reporting Pod 1,Phoenix Pod 2,Dr. Patel 2,Jordan Foster,DEMO-001186,1.57,0.679,0.464,5735.34,3,1
Arizona,Operations North,Phoenix,AR Managed Group A,Reporting Pod 1,Phoenix Pod 2,Dr. Patel 2,Drew Patel,DEMO-001187,1.48,0.694,0.667,3334.35,2,0
Arizona,Operations North,Phoenix,AR Managed Group A,Reporting Pod 1,Phoenix Pod 2,Dr. Patel 2,Blake Chen,DEMO-001188,0.76,1.0,0.162,7178.06,0,3
Arizona,Operations North,Phoenix,AR Managed Group A,Reporting Pod 2,Phoenix Pod 1,Dr. Morales 1,Rowan Carter,DEMO-001189,1.1,0.881,0.256,4858.04,0,1
Arizona,Operations North,Phoenix,AR Managed Group A,Reporting Pod 2,Phoenix Pod 1,Dr. Morales 1,Emerson Brooks,DEMO-001190,1.44,0.991,0.625,2409.64,2,0
Arizona,Operations North,Phoenix,AR Managed Group A,Reporting Pod 2,Phoenix Pod 1,Dr. Morales 1,Avery Ali,DEMO-001191,1.72,0.653,0.64,9267.78,3,1
Arizona,Operations North,Phoenix,AR Managed Group A,Reporting Pod 2,Phoenix Pod 1,Dr. Morales 1,Riley Kim,DEMO-001192,1.5,0.734,0.349,6765.37,1,0
Arizona,Operations North,Phoenix,AR Managed Group A,Reporting Pod 2,Phoenix Pod 1,Dr. Morales 1,Avery Santos,DEMO-001193,1.53,0.602,0.386,1496.06,3,0
Arizona,Operations North,Phoenix,AR Managed Group A,Reporting Pod 2,Phoenix Pod 1,Dr. Morales 1,Drew Carter,DEMO-001194,1.39,1.0,0.239,4011.51,1,0
Arizona,Operations North,Phoenix,AR Managed Group A,Reporting Pod 2,Phoenix Pod 1,Dr. Morales 1,Kai Shah,DEMO-001195,0.44,0.92,0.589,15562.04,1,1
Arizona,Operations North,Phoenix,AR Managed Group A,Reporting Pod 2,Phoenix Pod 1,Dr. Morales 1,Parker Foster,DEMO-001196,1.43,0.883,0.303,7812.0,0,0
Arizona,Operations North,Phoenix,AR Managed Group A,Reporting Pod 2,Phoenix Pod 1,Dr. Morales 1,Harper Chen,DEMO-001197,1.27,1.0,0.271,1409.13,0,0
Arizona,Operations North,Phoenix,AR Managed Group A,Reporting Pod 2,Phoenix Pod 1,Dr. Carter 2,Avery Bennett,DEMO-001198,1.22,0.768,0.314,3508.3,1,1
Arizona,Operations North,Phoenix,AR Managed Group A,Reporting Pod 2,Phoenix Pod 1,Dr. Carter 2,Blake Foster,DEMO-001199,0.7,1.0,0.303,42532.74,1,0
Arizona,Operations North,Phoenix,AR Managed Group A,Reporting Pod 2,Phoenix Pod 1,Dr. Carter 2,Rowan Brooks,DEMO-001200,1.28,0.734,0.581,12246.62,2,1
Arizona,Operations North,Phoenix,AR Managed Group A,Reporting Pod 2,Phoenix Pod 1,Dr. Carter 2,Alex Carter,DEMO-001201,1.74,1.0,0.544,4569.53,3,0
Arizona,Operations North,Phoenix,AR Managed Group A,Reporting Pod 2,Phoenix Pod 1,Dr. Carter 2,Parker Brooks,DEMO-001202,1.11,0.784,0.38,23759.02,0,0
Arizona,Operations North,Phoenix,AR Managed Group A,Reporting Pod 2,Phoenix Pod 1,Dr. Carter 2,Parker Carter,DEMO-001203,1.32,0.652,0.253,2819.83,1,0
Arizona,Operations North,Phoenix,AR Managed Group A,Reporting Pod 2,Phoenix Pod 1,Dr. Carter 2,Jordan Cooper,DEMO-001204,1.12,0.893,0.151,5362.75,0,0
Arizona,Operations North,Phoenix,AR Managed Group A,Reporting Pod 2,Phoenix Pod 1,Dr. Carter 2,Riley Foster,DEMO-001205,1.47,0.796,0.432,2980.27,0,0
Arizona,Operations North,Phoenix,AR Managed Group A,Reporting Pod 2,Phoenix Pod 1,Dr. Carter 2,Quinn Shah,DEMO-001206,1.55,0.805,0.381,4037.4,0,0
Arizona,Operations North,Phoenix,AR Managed Group A,Reporting Pod 2,Phoenix Pod 2,Dr. Shah 1,Taylor Foster,DEMO-001207,1.53,0.779,0.621,14888.96,2,0
Arizona,Operations North,Phoenix,AR Managed Group A,Reporting Pod 2,Phoenix Pod 2,Dr. Shah 1,Kai Chen,DEMO-001208,0.95,0.802,0.318,5178.09,0,0
Arizona,Operations North,Phoenix,AR Managed Group A,Reporting Pod 2,Phoenix Pod 2,Dr. Shah 1,Avery Cooper,DEMO-001209,1.98,0.735,0.685,5564.92,0,1
Arizona,Operations North,Phoenix,AR Managed Group A,Reporting Pod 2,Phoenix Pod 2,Dr. Shah 1,Alex Cooper,DEMO-001210,1.45,0.925,0.78,13979.65,5,3
Arizona,Operations North,Phoenix,AR Managed Group A,Reporting Pod 2,Phoenix Pod 2,Dr. Shah 1,Taylor Turner,DEMO-001211,1.58,0.995,0.402,10957.15,3,0
Arizona,Operations North,Phoenix,AR Managed Group A,Reporting Pod 2,Phoenix Pod 2,Dr. Shah 1,Casey Kim,DEMO-001212,1.0,0.648,0.188,5695.3,0,0
Arizona,Operations North,Phoenix,AR Managed Group A,Reporting Pod 2,Phoenix Pod 2,Dr. Shah 1,Alex Rivera,DEMO-001213,1.04,0.711,0.245,4001.93,2,0
Arizona,Operations North,Phoenix,AR Managed Group A,Reporting Pod 2,Phoenix Pod 2,Dr. Shah 1,Casey Chen,DEMO-001214,1.62,0.464,0.387,3146.63,2,0
Arizona,Operations North,Phoenix,AR Managed Group A,Reporting Pod 2,Phoenix Pod 2,Dr. Shah 1,Alex Rivera,DEMO-001215,1.26,0.883,0.809,10047.24,1,0
Arizona,Operations North,Phoenix,AR Managed Group A,Reporting Pod 2,Phoenix Pod 2,Dr. Brooks 2,Jordan Shah,DEMO-001216,1.11,0.792,0.146,2592.0,0,0
Arizona,Operations North,Phoenix,AR Managed Group A,Reporting Pod 2,Phoenix Pod 2,Dr. Brooks 2,Morgan Cooper,DEMO-001217,1.2,1.0,0.368,6708.64,1,1
Arizona,Operations North,Phoenix,AR Managed Group A,Reporting Pod 2,Phoenix Pod 2,Dr. Brooks 2,Reese Cooper,DEMO-001218,1.68,0.777,0.652,13988.48,3,1
Arizona,Operations North,Phoenix,AR Managed Group A,Reporting Pod 2,Phoenix Pod 2,Dr. Brooks 2,Casey Shah,DEMO-001219,1.29,0.674,0.262,6185.1,2,0
Arizona,Operations North,Phoenix,AR Managed Group A,Reporting Pod 2,Phoenix Pod 2,Dr. Brooks 2,Drew Brooks,DEMO-001220,1.11,0.777,0.149,1925.86,1,1
Arizona,Operations North,Phoenix,AR Managed Group A,Reporting Pod 2,Phoenix Pod 2,Dr. Brooks 2,Casey Carter,DEMO-001221,1.04,0.722,0.069,4740.11,3,0
Arizona,Operations North,Phoenix,AR Managed Group A,Reporting Pod 2,Phoenix Pod 2,Dr. Brooks 2,Rowan Patel,DEMO-001222,1.24,0.929,0.504,8136.74,3,1
Arizona,Operations North,Phoenix,AR Managed Group A,Reporting Pod 2,Phoenix Pod 2,Dr. Brooks 2,Reese Foster,DEMO-001223,1.1,0.563,0.523,13128.41,3,0
Arizona,Operations North,Phoenix,AR Managed Group A,Reporting Pod 2,Phoenix Pod 2,Dr. Brooks 2,Alex Santos,DEMO-001224,1.32,0.741,0.378,6033.78,1,0
Arizona,Operations North,Phoenix,AR Managed Group B,Reporting Pod 1,Phoenix Pod 1,Dr. Turner 1,Kai Morales,DEMO-001225,0.52,0.881,0.107,2564.48,0,0
Arizona,Operations North,Phoenix,AR Managed Group B,Reporting Pod 1,Phoenix Pod 1,Dr. Turner 1,Alex Patel,DEMO-001226,1.16,0.753,0.218,5470.87,1,0
Arizona,Operations North,Phoenix,AR Managed Group B,Reporting Pod 1,Phoenix Pod 1,Dr. Turner 1,Rowan Chen,DEMO-001227,0.81,0.904,0.131,3894.77,0,0
Arizona,Operations North,Phoenix,AR Managed Group B,Reporting Pod 1,Phoenix Pod 1,Dr. Turner 1,Taylor Chen,DEMO-001228,0.93,0.848,0.33,5847.73,0,0
Arizona,Operations North,Phoenix,AR Managed Group B,Reporting Pod 1,Phoenix Pod 1,Dr. Turner 1,Harper Cooper,DEMO-001229,0.59,0.801,0.472,2001.57,2,0
Arizona,Operations North,Phoenix,AR Managed Group B,Reporting Pod 1,Phoenix Pod 1,Dr. Turner 1,Jordan Bennett,DEMO-001230,1.13,0.913,0.35,5965.02,4,0
Arizona,Operations North,Phoenix,AR Managed Group B,Reporting Pod 1,Phoenix Pod 1,Dr. Turner 1,Alex Hughes,DEMO-001231,1.39,0.849,0.434,3353.48,4,0
Arizona,Operations North,Phoenix,AR Managed Group B,Reporting Pod 1,Phoenix Pod 1,Dr. Turner 1,Drew Cooper,DEMO-001232,0.85,1.0,0.161,8584.56,4,0
Arizona,Operations North,Phoenix,AR Managed Group B,Reporting Pod 1,Phoenix Pod 1,Dr. Turner 1,Drew Wright,DEMO-001233,1.1,0.849,0.444,3823.24,2,0
Arizona,Operations North,Phoenix,AR Managed Group B,Reporting Pod 1,Phoenix Pod 1,Dr. Bennett 2,Avery Wright,DEMO-001234,1.13,0.699,0.162,2099.72,1,0
Arizona,Operations North,Phoenix,AR Managed Group B,Reporting Pod 1,Phoenix Pod 1,Dr. Bennett 2,Blake Kim,DEMO-001235,0.97,0.418,0.661,18673.26,1,0
Arizona,Operations North,Phoenix,AR Managed Group B,Reporting Pod 1,Phoenix Pod 1,Dr. Bennett 2,Parker Wright,DEMO-001236,1.37,0.738,0.403,3604.02,1,0
Arizona,Operations North,Phoenix,AR Managed Group B,Reporting Pod 1,Phoenix Pod 1,Dr. Bennett 2,Kai Turner,DEMO-001237,0.88,0.789,0.304,7621.32,0,0
Arizona,Operations North,Phoenix,AR Managed Group B,Reporting Pod 1,Phoenix Pod 1,Dr. Bennett 2,Quinn Carter,DEMO-001238,1.89,0.76,0.733,3163.49,3,0
Arizona,Operations North,Phoenix,AR Managed Group B,Reporting Pod 1,Phoenix Pod 1,Dr. Bennett 2,Alex Foster,DEMO-001239,1.41,0.587,0.489,9612.24,5,0
Arizona,Operations North,Phoenix,AR Managed Group B,Reporting Pod 1,Phoenix Pod 1,Dr. Bennett 2,Kai Turner,DEMO-001240,0.78,0.759,0.064,2108.38,1,0
Arizona,Operations North,Phoenix,AR Managed Group B,Reporting Pod 1,Phoenix Pod 1,Dr. Bennett 2,Quinn Bennett,DEMO-001241,1.17,0.922,0.551,7563.38,3,0
Arizona,Operations North,Phoenix,AR Managed Group B,Reporting Pod 1,Phoenix Pod 1,Dr. Bennett 2,Alex Foster,DEMO-001242,1.98,0.93,0.761,14586.67,2,0
Arizona,Operations North,Phoenix,AR Managed Group B,Reporting Pod 1,Phoenix Pod 2,Dr. Wright 1,Taylor Turner,DEMO-001243,1.08,0.599,0.339,33484.26,0,0
Arizona,Operations North,Phoenix,AR Managed Group B,Reporting Pod 1,Phoenix Pod 2,Dr. Wright 1,Blake Bennett,DEMO-001244,1.77,0.762,0.601,6672.77,3,2
Arizona,Operations North,Phoenix,AR Managed Group B,Reporting Pod 1,Phoenix Pod 2,Dr. Wright 1,Harper Bennett,DEMO-001245,1.85,0.799,0.654,5605.93,3,0
Arizona,Operations North,Phoenix,AR Managed Group B,Reporting Pod 1,Phoenix Pod 2,Dr. Wright 1,Jordan Wright,DEMO-001246,1.66,0.797,0.655,14460.14,2,0
Arizona,Operations North,Phoenix,AR Managed Group B,Reporting Pod 1,Phoenix Pod 2,Dr. Wright 1,Drew Santos,DEMO-001247,0.77,0.8,0.321,2813.53,1,0
Arizona,Operations North,Phoenix,AR Managed Group B,Reporting Pod 1,Phoenix Pod 2,Dr. Wright 1,Kai Foster,DEMO-001248,0.98,0.877,0.16,1315.63,0,0
Arizona,Operations North,Phoenix,AR Managed Group B,Reporting Pod 1,Phoenix Pod 2,Dr. Wright 1,Jordan Morales,DEMO-001249,0.98,0.857,0.422,9177.72,2,0
Arizona,Operations North,Phoenix,AR Managed Group B,Reporting Pod 1,Phoenix Pod 2,Dr. Wright 1,Jordan Turner,DEMO-001250,1.31,0.792,0.307,7744.44,1,0
Arizona,Operations North,Phoenix,AR Managed Group B,Reporting Pod 1,Phoenix Pod 2,Dr. Wright 1,Casey Chen,DEMO-001251,1.21,0.915,0.535,7492.16,1,0
Arizona,Operations North,Phoenix,AR Managed Group B,Reporting Pod 1,Phoenix Pod 2,Dr. Santos 2,Morgan Shah,DEMO-001252,1.01,0.679,0.539,1713.8,1,2
Arizona,Operations North,Phoenix,AR Managed Group B,Reporting Pod 1,Phoenix Pod 2,Dr. Santos 2,Jordan Chen,DEMO-001253,0.66,0.839,0.237,5864.74,0,0
Arizona,Operations North,Phoenix,AR Managed Group B,Reporting Pod 1,Phoenix Pod 2,Dr. Santos 2,Casey Bennett,DEMO-001254,1.46,0.988,0.676,19115.41,0,0
Arizona,Operations North,Phoenix,AR Managed Group B,Reporting Pod 1,Phoenix Pod 2,Dr. Santos 2,Riley Carter,DEMO-001255,1.0,0.71,0.123,2019.07,1,0
Arizona,Operations North,Phoenix,AR Managed Group B,Reporting Pod 1,Phoenix Pod 2,Dr. Santos 2,Emerson Shah,DEMO-001256,1.2,0.85,0.22,18783.93,1,0
Arizona,Operations North,Phoenix,AR Managed Group B,Reporting Pod 1,Phoenix Pod 2,Dr. Santos 2,Taylor Kim,DEMO-001257,1.23,0.912,0.556,16644.87,0,0
Arizona,Operations North,Phoenix,AR Managed Group B,Reporting Pod 1,Phoenix Pod 2,Dr. Santos 2,Blake Bennett,DEMO-001258,1.42,1.0,0.165,1962.21,0,0
Arizona,Operations North,Phoenix,AR Managed Group B,Reporting Pod 1,Phoenix Pod 2,Dr. Santos 2,Parker Santos,DEMO-001259,1.16,1.0,0.661,4139.83,1,0
Arizona,Operations North,Phoenix,AR Managed Group B,Reporting Pod 1,Phoenix Pod 2,Dr. Santos 2,Avery Santos,DEMO-001260,1.12,0.779,0.438,3848.75,4,1
Arizona,Operations North,Phoenix,AR Managed Group B,Reporting Pod 2,Phoenix Pod 1,Dr. Foster 1,Parker Chen,DEMO-001261,1.14,0.775,0.186,10936.21,1,1
Arizona,Operations North,Phoenix,AR Managed Group B,Reporting Pod 2,Phoenix Pod 1,Dr. Foster 1,Quinn Bennett,DEMO-001262,1.34,0.817,0.766,28585.77,0,1
Arizona,Operations North,Phoenix,AR Managed Group B,Reporting Pod 2,Phoenix Pod 1,Dr. Foster 1,Rowan Shah,DEMO-001263,1.08,0.824,0.346,20833.72,1,0
Arizona,Operations North,Phoenix,AR Managed Group B,Reporting Pod 2,Phoenix Pod 1,Dr. Foster 1,Jordan Shah,DEMO-001264,0.73,0.624,0.197,3217.56,1,0
Arizona,Operations North,Phoenix,AR Managed Group B,Reporting Pod 2,Phoenix Pod 1,Dr. Foster 1,Taylor Kim,DEMO-001265,1.53,0.937,0.601,9294.14,1,1
Arizona,Operations North,Phoenix,AR Managed Group B,Reporting Pod 2,Phoenix Pod 1,Dr. Foster 1,Parker Foster,DEMO-001266,1.31,0.833,0.384,11608.03,0,0
Arizona,Operations North,Phoenix,AR Managed Group B,Reporting Pod 2,Phoenix Pod 1,Dr. Foster 1,Reese Santos,DEMO-001267,1.06,0.854,0.165,2093.86,0,0
Arizona,Operations North,Phoenix,AR Managed Group B,Reporting Pod 2,Phoenix Pod 1,Dr. Foster 1,Drew Foster,DEMO-001268,1.45,0.921,0.429,6026.15,4,2
Arizona,Operations North,Phoenix,AR Managed Group B,Reporting Pod 2,Phoenix Pod 1,Dr. Foster 1,Rowan Santos,DEMO-001269,1.45,0.602,0.687,3770.74,1,1
Arizona,Operations North,Phoenix,AR Managed Group B,Reporting Pod 2,Phoenix Pod 1,Dr. Chen 2,Harper Hughes,DEMO-001270,1.24,0.609,0.287,17486.46,0,0
Arizona,Operations North,Phoenix,AR Managed Group B,Reporting Pod 2,Phoenix Pod 1,Dr. Chen 2,Morgan Morales,DEMO-001271,1.53,0.912,0.34,8968.24,0,1
Arizona,Operations North,Phoenix,AR Managed Group B,Reporting Pod 2,Phoenix Pod 1,Dr. Chen 2,Reese Cooper,DEMO-001272,1.19,0.928,0.219,6211.76,2,0
Arizona,Operations North,Phoenix,AR Managed Group B,Reporting Pod 2,Phoenix Pod 1,Dr. Chen 2,Riley Wright,DEMO-001273,1.58,0.76,0.886,8295.15,3,1
Arizona,Operations North,Phoenix,AR Managed Group B,Reporting Pod 2,Phoenix Pod 1,Dr. Chen 2,Casey Shah,DEMO-001274,1.25,0.8,0.321,1930.8,1,1
Arizona,Operations North,Phoenix,AR Managed Group B,Reporting Pod 2,Phoenix Pod 1,Dr. Chen 2,Morgan Chen,DEMO-001275,1.5,0.738,0.374,5245.94,3,1
Arizona,Operations North,Phoenix,AR Managed Group B,Reporting Pod 2,Phoenix Pod 1,Dr. Chen 2,Rowan Rivera,DEMO-001276,1.51,0.624,0.432,8979.73,3,0
Arizona,Operations North,Phoenix,AR Managed Group B,Reporting Pod 2,Phoenix Pod 1,Dr. Chen 2,Casey Carter,DEMO-001277,0.78,0.908,0.382,6046.15,2,0
Arizona,Operations North,Phoenix,AR Managed Group B,Reporting Pod 2,Phoenix Pod 1,Dr. Chen 2,Jordan Wright,DEMO-001278,1.08,0.829,0.35,4986.93,1,0
Arizona,Operations North,Phoenix,AR Managed Group B,Reporting Pod 2,Phoenix Pod 2,Dr. Cooper 1,Rowan Santos,DEMO-001279,1.59,1.0,0.198,3102.17,1,0
Arizona,Operations North,Phoenix,AR Managed Group B,Reporting Pod 2,Phoenix Pod 2,Dr. Cooper 1,Blake Turner,DEMO-001280,0.9,0.881,0.319,25268.63,3,0
Arizona,Operations North,Phoenix,AR Managed Group B,Reporting Pod 2,Phoenix Pod 2,Dr. Cooper 1,Rowan Chen,DEMO-001281,1.39,0.972,0.257,6617.96,1,0
Arizona,Operations North,Phoenix,AR Managed Group B,Reporting Pod 2,Phoenix Pod 2,Dr. Cooper 1,Drew Patel,DEMO-001282,0.98,0.881,0.277,5573.96,1,0
Arizona,Operations North,Phoenix,AR Managed Group B,Reporting Pod 2,Phoenix Pod 2,Dr. Cooper 1,Rowan Ali,DEMO-001283,0.69,0.886,0.27,3706.09,2,0
Arizona,Operations North,Phoenix,AR Managed Group B,Reporting Pod 2,Phoenix Pod 2,Dr. Cooper 1,Casey Kim,DEMO-001284,1.63,0.747,0.49,8954.32,1,0
Arizona,Operations North,Phoenix,AR Managed Group B,Reporting Pod 2,Phoenix Pod 2,Dr. Cooper 1,Drew Wright,DEMO-001285,0.73,0.683,0.25,7148.87,1,0
Arizona,Operations North,Phoenix,AR Managed Group B,Reporting Pod 2,Phoenix Pod 2,Dr. Cooper 1,Jordan Foster,DEMO-001286,0.62,0.906,0.156,3317.56,0,0
Arizona,Operations North,Phoenix,AR Managed Group B,Reporting Pod 2,Phoenix Pod 2,Dr. Cooper 1,Parker Carter,DEMO-001287,1.06,0.619,0.3,2401.9,0,0
Arizona,Operations North,Phoenix,AR Managed Group B,Reporting Pod 2,Phoenix Pod 2,Dr. Ali 2,Reese Carter,DEMO-001288,1.72,0.961,0.261,4985.86,0,0
Arizona,Operations North,Phoenix,AR Managed Group B,Reporting Pod 2,Phoenix Pod 2,Dr. Ali 2,Blake Bennett,DEMO-001289,1.15,0.691,0.313,3161.02,1,0
Arizona,Operations North,Phoenix,AR Managed Group B,Reporting Pod 2,Phoenix Pod 2,Dr. Ali 2,Taylor Turner,DEMO-001290,1.44,0.792,0.411,6119.23,2,0
Arizona,Operations North,Phoenix,AR Managed Group B,Reporting Pod 2,Phoenix Pod 2,Dr. Ali 2,Riley Cooper,DEMO-001291,1.35,0.747,0.517,6264.56,1,1
Arizona,Operations North,Phoenix,AR Managed Group B,Reporting Pod 2,Phoenix Pod 2,Dr. Ali 2,Drew Kim,DEMO-001292,1.47,0.573,0.566,3687.77,3,1
Arizona,Operations North,Phoenix,AR Managed Group B,Reporting Pod 2,Phoenix Pod 2,Dr. Ali 2,Rowan Hughes,DEMO-001293,1.35,0.644,0.773,9626.1,2,0
Arizona,Operations North,Phoenix,AR Managed Group B,Reporting Pod 2,Phoenix Pod 2,Dr. Ali 2,Blake Cooper,DEMO-001294,1.19,0.716,0.113,4916.86,1,0
Arizona,Operations North,Phoenix,AR Managed Group B,Reporting Pod 2,Phoenix Pod 2,Dr. Ali 2,Drew Hughes,DEMO-001295,1.12,0.901,0.491,7581.98,0,1
Arizona,Operations North,Phoenix,AR Managed Group B,Reporting Pod 2,Phoenix Pod 2,Dr. Ali 2,Harper Kim,DEMO-001296,1.39,1.0,0.479,5595.84,0,0
Arizona,Operations North,Tucson,AR Managed Group A,Reporting Pod 1,Tucson Pod 1,Dr. Rivera 1,Parker Bennett,DEMO-001297,0.91,0.715,0.256,4911.18,1,1
Arizona,Operations North,Tucson,AR Managed Group A,Reporting Pod 1,Tucson Pod 1,Dr. Rivera 1,Rowan Carter,DEMO-001298,0.7,0.903,0.159,2503.92,1,0
Arizona,Operations North,Tucson,AR Managed Group A,Reporting Pod 1,Tucson Pod 1,Dr. Rivera 1,Parker Bennett,DEMO-001299,1.61,0.875,0.528,6136.08,1,0
Arizona,Operations North,Tucson,AR Managed Group A,Reporting Pod 1,Tucson Pod 1,Dr. Rivera 1,Reese Turner,DEMO-001300,1.11,0.609,0.476,2520.76,1,1
Arizona,Operations North,Tucson,AR Managed Group A,Reporting Pod 1,Tucson Pod 1,Dr. Rivera 1,Casey Shah,DEMO-001301,0.94,0.674,0.498,8266.81,0,0
Arizona,Operations North,Tucson,AR Managed Group A,Reporting Pod 1,Tucson Pod 1,Dr. Rivera 1,Harper Morales,DEMO-001302,1.42,0.99,0.63,4689.14,4,1
Arizona,Operations North,Tucson,AR Managed Group A,Reporting Pod 1,Tucson Pod 1,Dr. Rivera 1,Riley Cooper,DEMO-001303,1.08,0.942,0.134,6591.71,0,1
Arizona,Operations North,Tucson,AR Managed Group A,Reporting Pod 1,Tucson Pod 1,Dr. Rivera 1,Parker Cooper,DEMO-001304,1.01,0.56,0.147,13830.11,2,1
Arizona,Operations North,Tucson,AR Managed Group A,Reporting Pod 1,Tucson Pod 1,Dr. Rivera 1,Drew Hughes,DEMO-001305,1.1,0.723,0.366,2943.2,1,0
Arizona,Operations North,Tucson,AR Managed Group A,Reporting Pod 1,Tucson Pod 1,Dr. Kim 2,Morgan Rivera,DEMO-001306,1.29,1.0,0.423,16051.85,2,0
Arizona,Operations North,Tucson,AR Managed Group A,Reporting Pod 1,Tucson Pod 1,Dr. Kim 2,Avery Foster,DEMO-001307,1.12,0.756,0.511,6386.45,0,1
Arizona,Operations North,Tucson,AR Managed Group A,Reporting Pod 1,Tucson Pod 1,Dr. Kim 2,Rowan Morales,DEMO-001308,1.27,0.622,0.68,8155.79,3,1
Arizona,Operations North,Tucson,AR Managed Group A,Reporting Pod 1,Tucson Pod 1,Dr. Kim 2,Casey Ali,DEMO-001309,1.07,1.0,0.233,6272.51,0,0
Arizona,Operations North,Tucson,AR Managed Group A,Reporting Pod 1,Tucson Pod 1,Dr. Kim 2,Kai Cooper,DEMO-001310,1.14,0.959,0.149,6453.7,1,0
Arizona,Operations North,Tucson,AR Managed Group A,Reporting Pod 1,Tucson Pod 1,Dr. Kim 2,Reese Foster,DEMO-001311,1.3,0.696,0.538,6528.38,1,0
Arizona,Operations North,Tucson,AR Managed Group A,Reporting Pod 1,Tucson Pod 1,Dr. Kim 2,Morgan Bennett,DEMO-001312,1.6,0.753,0.608,12637.25,0,0
Arizona,Operations North,Tucson,AR Managed Group A,Reporting Pod 1,Tucson Pod 1,Dr. Kim 2,Rowan Carter,DEMO-001313,1.27,0.856,0.332,11103.11,1,0
Arizona,Operations North,Tucson,AR Managed Group A,Reporting Pod 1,Tucson Pod 1,Dr. Kim 2,Harper Carter,DEMO-001314,1.38,0.683,0.672,9953.72,1,0
Arizona,Operations North,Tucson,AR Managed Group A,Reporting Pod 1,Tucson Pod 2,Dr. Hughes 1,Quinn Wright,DEMO-001315,1.73,0.594,0.701,7850.75,2,1
Arizona,Operations North,Tucson,AR Managed Group A,Reporting Pod 1,Tucson Pod 2,Dr. Hughes 1,Kai Turner,DEMO-001316,1.43,0.877,0.378,3489.65,1,0
Arizona,Operations North,Tucson,AR Managed Group A,Reporting Pod 1,Tucson Pod 2,Dr. Hughes 1,Taylor Turner,DEMO-001317,0.96,0.733,0.375,4233.29,0,0
Arizona,Operations North,Tucson,AR Managed Group A,Reporting Pod 1,Tucson Pod 2,Dr. Hughes 1,Parker Patel,DEMO-001318,0.78,0.963,0.079,4434.39,1,0
Arizona,Operations North,Tucson,AR Managed Group A,Reporting Pod 1,Tucson Pod 2,Dr. Hughes 1,Quinn Rivera,DEMO-001319,1.72,0.694,0.493,15605.13,2,0
Arizona,Operations North,Tucson,AR Managed Group A,Reporting Pod 1,Tucson Pod 2,Dr. Hughes 1,Jordan Patel,DEMO-001320,1.24,0.808,0.599,10790.89,2,1
Arizona,Operations North,Tucson,AR Managed Group A,Reporting Pod 1,Tucson Pod 2,Dr. Hughes 1,Drew Turner,DEMO-001321,1.37,0.743,0.714,6839.52,0,0
Arizona,Operations North,Tucson,AR Managed Group A,Reporting Pod 1,Tucson Pod 2,Dr. Hughes 1,Casey Wright,DEMO-001322,1.17,0.582,0.395,7707.15,0,0
Arizona,Operations North,Tucson,AR Managed Group A,Reporting Pod 1,Tucson Pod 2,Dr. Hughes 1,Jordan Turner,DEMO-001323,0.88,0.66,0.109,2798.44,0,0
Arizona,Operations North,Tucson,AR Managed Group A,Reporting Pod 1,Tucson Pod 2,Dr. Patel 2,Kai Santos,DEMO-001324,1.52,0.888,0.771,9583.97,1,0
Arizona,Operations North,Tucson,AR Managed Group A,Reporting Pod 1,Tucson Pod 2,Dr. Patel 2,Avery Shah,DEMO-001325,1.46,0.785,0.614,7684.49,3,0
Arizona,Operations North,Tucson,AR Managed Group A,Reporting Pod 1,Tucson Pod 2,Dr. Patel 2,Casey Bennett,DEMO-001326,1.36,0.829,0.544,6211.82,2,1
Arizona,Operations North,Tucson,AR Managed Group A,Reporting Pod 1,Tucson Pod 2,Dr. Patel 2,Jordan Hughes,DEMO-001327,0.88,0.903,0.105,7161.59,3,0
Arizona,Operations North,Tucson,AR Managed Group A,Reporting Pod 1,Tucson Pod 2,Dr. Patel 2,Jordan Hughes,DEMO-001328,1.58,0.693,0.798,6542.38,1,1
Arizona,Operations North,Tucson,AR Managed Group A,Reporting Pod 1,Tucson Pod 2,Dr. Patel 2,Reese Ali,DEMO-001329,0.9,0.921,0.058,6657.98,0,0
Arizona,Operations North,Tucson,AR Managed Group A,Reporting Pod 1,Tucson Pod 2,Dr. Patel 2,Quinn Bennett,DEMO-001330,1.08,0.737,0.208,4403.68,2,0
Arizona,Operations North,Tucson,AR Managed Group A,Reporting Pod 1,Tucson Pod 2,Dr. Patel 2,Riley Rivera,DEMO-001331,1.47,0.798,0.346,14165.78,1,1
Arizona,Operations North,Tucson,AR Managed Group A,Reporting Pod 1,Tucson Pod 2,Dr. Patel 2,Jordan Chen,DEMO-001332,0.48,0.563,0.252,4330.19,2,0
Arizona,Operations North,Tucson,AR Managed Group A,Reporting Pod 2,Tucson Pod 1,Dr. Morales 1,Harper Santos,DEMO-001333,1.28,0.66,0.318,31058.8,1,1
Arizona,Operations North,Tucson,AR Managed Group A,Reporting Pod 2,Tucson Pod 1,Dr. Morales 1,Alex Hughes,DEMO-001334,1.65,0.824,0.877,7614.15,1,0
Arizona,Operations North,Tucson,AR Managed Group A,Reporting Pod 2,Tucson Pod 1,Dr. Morales 1,Parker Santos,DEMO-001335,1.2,0.874,0.493,5924.03,0,0
Arizona,Operations North,Tucson,AR Managed Group A,Reporting Pod 2,Tucson Pod 1,Dr. Morales 1,Alex Ali,DEMO-001336,1.07,0.839,0.242,6720.47,2,0
Arizona,Operations North,Tucson,AR Managed Group A,Reporting Pod 2,Tucson Pod 1,Dr. Morales 1,Riley Bennett,DEMO-001337,1.05,0.885,0.352,21034.24,1,0
Arizona,Operations North,Tucson,AR Managed Group A,Reporting Pod 2,Tucson Pod 1,Dr. Morales 1,Emerson Shah,DEMO-001338,1.18,0.904,0.554,10367.45,3,1
Arizona,Operations North,Tucson,AR Managed Group A,Reporting Pod 2,Tucson Pod 1,Dr. Morales 1,Rowan Rivera,DEMO-001339,1.29,0.701,0.158,4103.41,3,0
Arizona,Operations North,Tucson,AR Managed Group A,Reporting Pod 2,Tucson Pod 1,Dr. Morales 1,Casey Santos,DEMO-001340,1.83,0.68,0.609,9063.66,1,1
Arizona,Operations North,Tucson,AR Managed Group A,Reporting Pod 2,Tucson Pod 1,Dr. Morales 1,Kai Foster,DEMO-001341,0.98,0.583,0.544,6627.03,0,0
Arizona,Operations North,Tucson,AR Managed Group A,Reporting Pod 2,Tucson Pod 1,Dr. Carter 2,Casey Bennett,DEMO-001342,1.34,0.821,0.179,5003.69,1,0
Arizona,Operations North,Tucson,AR Managed Group A,Reporting Pod 2,Tucson Pod 1,Dr. Carter 2,Reese Morales,DEMO-001343,0.62,0.912,0.078,1350.39,0,0
Arizona,Operations North,Tucson,AR Managed Group A,Reporting Pod 2,Tucson Pod 1,Dr. Carter 2,Morgan Shah,DEMO-001344,0.81,0.685,0.277,1912.64,1,1
Arizona,Operations North,Tucson,AR Managed Group A,Reporting Pod 2,Tucson Pod 1,Dr. Carter 2,Alex Wright,DEMO-001345,0.81,0.873,0.49,15848.41,0,1
Arizona,Operations North,Tucson,AR Managed Group A,Reporting Pod 2,Tucson Pod 1,Dr. Carter 2,Drew Ali,DEMO-001346,1.2,0.812,0.457,8210.6,4,0
Arizona,Operations North,Tucson,AR Managed Group A,Reporting Pod 2,Tucson Pod 1,Dr. Carter 2,Parker Brooks,DEMO-001347,1.32,0.697,0.684,10719.28,1,0
Arizona,Operations North,Tucson,AR Managed Group A,Reporting Pod 2,Tucson Pod 1,Dr. Carter 2,Blake Ali,DEMO-001348,0.99,0.815,0.294,3759.58,1,0
Arizona,Operations North,Tucson,AR Managed Group A,Reporting Pod 2,Tucson Pod 1,Dr. Carter 2,Taylor Santos,DEMO-001349,1.12,0.977,0.342,1713.01,1,0
Arizona,Operations North,Tucson,AR Managed Group A,Reporting Pod 2,Tucson Pod 1,Dr. Carter 2,Blake Ali,DEMO-001350,1.34,0.785,0.76,7575.12,2,0
Arizona,Operations North,Tucson,AR Managed Group A,Reporting Pod 2,Tucson Pod 2,Dr. Shah 1,Drew Santos,DEMO-001351,1.19,0.852,0.286,8046.69,0,0
Arizona,Operations North,Tucson,AR Managed Group A,Reporting Pod 2,Tucson Pod 2,Dr. Shah 1,Riley Shah,DEMO-001352,0.71,0.854,0.132,2797.71,1,1
Arizona,Operations North,Tucson,AR Managed Group A,Reporting Pod 2,Tucson Pod 2,Dr. Shah 1,Riley Rivera,DEMO-001353,1.18,1.0,0.143,14611.43,1,0
Arizona,Operations North,Tucson,AR Managed Group A,Reporting Pod 2,Tucson Pod 2,Dr. Shah 1,Casey Ali,DEMO-001354,0.9,0.688,0.43,6152.34,1,0
Arizona,Operations North,Tucson,AR Managed Group A,Reporting Pod 2,Tucson Pod 2,Dr. Shah 1,Blake Brooks,DEMO-001355,1.15,0.738,0.465,10787.8,0,0
Arizona,Operations North,Tucson,AR Managed Group A,Reporting Pod 2,Tucson Pod 2,Dr. Shah 1,Emerson Carter,DEMO-001356,1.62,0.952,0.458,3250.06,2,0
Arizona,Operations North,Tucson,AR Managed Group A,Reporting Pod 2,Tucson Pod 2,Dr. Shah 1,Avery Turner,DEMO-001357,0.93,0.849,0.435,12295.88,2,0
Arizona,Operations North,Tucson,AR Managed Group A,Reporting Pod 2,Tucson Pod 2,Dr. Shah 1,Morgan Brooks,DEMO-001358,1.58,0.663,0.275,14711.46,5,2
Arizona,Operations North,Tucson,AR Managed Group A,Reporting Pod 2,Tucson Pod 2,Dr. Shah 1,Avery Morales,DEMO-001359,0.84,0.925,0.277,4740.55,2,1
Arizona,Operations North,Tucson,AR Managed Group A,Reporting Pod 2,Tucson Pod 2,Dr. Brooks 2,Emerson Ali,DEMO-001360,1.27,0.934,0.28,3494.67,1,1
Arizona,Operations North,Tucson,AR Managed Group A,Reporting Pod 2,Tucson Pod 2,Dr. Brooks 2,Riley Chen,DEMO-001361,1.01,0.631,0.431,14300.22,1,0
Arizona,Operations North,Tucson,AR Managed Group A,Reporting Pod 2,Tucson Pod 2,Dr. Brooks 2,Blake Carter,DEMO-001362,0.85,1.0,0.262,3278.27,0,0
Arizona,Operations North,Tucson,AR Managed Group A,Reporting Pod 2,Tucson Pod 2,Dr. Brooks 2,Jordan Wright,DEMO-001363,1.16,1.0,0.513,7267.37,1,0
Arizona,Operations North,Tucson,AR Managed Group A,Reporting Pod 2,Tucson Pod 2,Dr. Brooks 2,Morgan Morales,DEMO-001364,1.25,0.705,0.409,9555.51,3,0
Arizona,Operations North,Tucson,AR Managed Group A,Reporting Pod 2,Tucson Pod 2,Dr. Brooks 2,Casey Shah,DEMO-001365,1.68,0.916,0.629,9013.76,3,0
Arizona,Operations North,Tucson,AR Managed Group A,Reporting Pod 2,Tucson Pod 2,Dr. Brooks 2,Blake Cooper,DEMO-001366,0.9,0.919,0.124,5548.57,1,0
Arizona,Operations North,Tucson,AR Managed Group A,Reporting Pod 2,Tucson Pod 2,Dr. Brooks 2,Parker Hughes,DEMO-001367,1.34,0.756,0.404,9406.52,2,1
Arizona,Operations North,Tucson,AR Managed Group A,Reporting Pod 2,Tucson Pod 2,Dr. Brooks 2,Drew Patel,DEMO-001368,1.31,0.571,0.719,10515.08,1,0
Arizona,Operations North,Tucson,AR Managed Group B,Reporting Pod 1,Tucson Pod 1,Dr. Turner 1,Avery Patel,DEMO-001369,1.05,0.826,0.281,5041.33,1,0
Arizona,Operations North,Tucson,AR Managed Group B,Reporting Pod 1,Tucson Pod 1,Dr. Turner 1,Kai Shah,DEMO-001370,1.09,0.679,0.425,5579.72,1,0
Arizona,Operations North,Tucson,AR Managed Group B,Reporting Pod 1,Tucson Pod 1,Dr. Turner 1,Reese Rivera,DEMO-001371,1.44,0.722,0.481,3909.43,2,0
Arizona,Operations North,Tucson,AR Managed Group B,Reporting Pod 1,Tucson Pod 1,Dr. Turner 1,Jordan Morales,DEMO-001372,1.02,0.639,0.67,5135.44,3,0
Arizona,Operations North,Tucson,AR Managed Group B,Reporting Pod 1,Tucson Pod 1,Dr. Turner 1,Drew Wright,DEMO-001373,0.96,1.0,0.246,2136.37,1,0
Arizona,Operations North,Tucson,AR Managed Group B,Reporting Pod 1,Tucson Pod 1,Dr. Turner 1,Kai Wright,DEMO-001374,1.06,1.0,0.174,6905.7,0,0
Arizona,Operations North,Tucson,AR Managed Group B,Reporting Pod 1,Tucson Pod 1,Dr. Turner 1,Taylor Cooper,DEMO-001375,1.45,0.696,0.412,9793.89,1,0
Arizona,Operations North,Tucson,AR Managed Group B,Reporting Pod 1,Tucson Pod 1,Dr. Turner 1,Reese Ali,DEMO-001376,0.64,1.0,0.117,2116.17,0,0
Arizona,Operations North,Tucson,AR Managed Group B,Reporting Pod 1,Tucson Pod 1,Dr. Turner 1,Casey Santos,DEMO-001377,1.39,0.897,0.392,7266.16,2,0
Arizona,Operations North,Tucson,AR Managed Group B,Reporting Pod 1,Tucson Pod 1,Dr. Bennett 2,Alex Cooper,DEMO-001378,1.22,0.559,0.518,15086.28,0,1
Arizona,Operations North,Tucson,AR Managed Group B,Reporting Pod 1,Tucson Pod 1,Dr. Bennett 2,Rowan Wright,DEMO-001379,0.9,0.836,0.616,22716.4,1,0
Arizona,Operations North,Tucson,AR Managed Group B,Reporting Pod 1,Tucson Pod 1,Dr. Bennett 2,Drew Santos,DEMO-001380,1.45,0.925,0.521,2459.09,1,1
Arizona,Operations North,Tucson,AR Managed Group B,Reporting Pod 1,Tucson Pod 1,Dr. Bennett 2,Casey Hughes,DEMO-001381,1.13,0.879,0.331,6750.74,1,1
Arizona,Operations North,Tucson,AR Managed Group B,Reporting Pod 1,Tucson Pod 1,Dr. Bennett 2,Emerson Ali,DEMO-001382,1.04,0.918,0.221,5303.59,1,1
Arizona,Operations North,Tucson,AR Managed Group B,Reporting Pod 1,Tucson Pod 1,Dr. Bennett 2,Riley Patel,DEMO-001383,1.19,0.442,0.558,6367.89,2,0
Arizona,Operations North,Tucson,AR Managed Group B,Reporting Pod 1,Tucson Pod 1,Dr. Bennett 2,Blake Kim,DEMO-001384,1.26,0.761,0.452,14887.44,4,1
Arizona,Operations North,Tucson,AR Managed Group B,Reporting Pod 1,Tucson Pod 1,Dr. Bennett 2,Quinn Chen,DEMO-001385,0.77,0.855,0.02,13634.79,0,1
Arizona,Operations North,Tucson,AR Managed Group B,Reporting Pod 1,Tucson Pod 1,Dr. Bennett 2,Reese Cooper,DEMO-001386,1.32,0.497,0.471,8276.37,1,0
Arizona,Operations North,Tucson,AR Managed Group B,Reporting Pod 1,Tucson Pod 2,Dr. Wright 1,Taylor Carter,DEMO-001387,1.15,0.846,0.313,4980.45,1,0
Arizona,Operations North,Tucson,AR Managed Group B,Reporting Pod 1,Tucson Pod 2,Dr. Wright 1,Emerson Chen,DEMO-001388,1.07,0.85,0.32,7790.58,2,0
Arizona,Operations North,Tucson,AR Managed Group B,Reporting Pod 1,Tucson Pod 2,Dr. Wright 1,Riley Morales,DEMO-001389,1.41,0.763,0.405,15815.97,3,0
Arizona,Operations North,Tucson,AR Managed Group B,Reporting Pod 1,Tucson Pod 2,Dr. Wright 1,Kai Morales,DEMO-001390,0.87,0.782,0.174,6184.82,1,0
Arizona,Operations North,Tucson,AR Managed Group B,Reporting Pod 1,Tucson Pod 2,Dr. Wright 1,Alex Shah,DEMO-001391,1.3,0.732,0.396,11368.31,2,0
Arizona,Operations North,Tucson,AR Managed Group B,Reporting Pod 1,Tucson Pod 2,Dr. Wright 1,Riley Hughes,DEMO-001392,1.42,0.913,0.505,6778.27,0,0
Arizona,Operations North,Tucson,AR Managed Group B,Reporting Pod 1,Tucson Pod 2,Dr. Wright 1,Casey Morales,DEMO-001393,1.24,0.952,0.269,1886.71,2,1
Arizona,Operations North,Tucson,AR Managed Group B,Reporting Pod 1,Tucson Pod 2,Dr. Wright 1,Reese Brooks,DEMO-001394,1.3,0.978,0.537,6794.52,2,0
Arizona,Operations North,Tucson,AR Managed Group B,Reporting Pod 1,Tucson Pod 2,Dr. Wright 1,Jordan Rivera,DEMO-001395,1.07,0.761,0.101,5076.83,0,0
Arizona,Operations North,Tucson,AR Managed Group B,Reporting Pod 1,Tucson Pod 2,Dr. Santos 2,Riley Ali,DEMO-001396,0.97,0.86,0.249,5540.5,0,0
Arizona,Operations North,Tucson,AR Managed Group B,Reporting Pod 1,Tucson Pod 2,Dr. Santos 2,Riley Ali,DEMO-001397,1.23,0.935,0.216,3875.44,1,1
Arizona,Operations North,Tucson,AR Managed Group B,Reporting Pod 1,Tucson Pod 2,Dr. Santos 2,Quinn Morales,DEMO-001398,1.28,0.712,0.566,16883.74,0,1
Arizona,Operations North,Tucson,AR Managed Group B,Reporting Pod 1,Tucson Pod 2,Dr. Santos 2,Blake Patel,DEMO-001399,1.24,0.834,0.108,21010.27,1,0
Arizona,Operations North,Tucson,AR Managed Group B,Reporting Pod 1,Tucson Pod 2,Dr. Santos 2,Morgan Brooks,DEMO-001400,0.46,0.833,0.06,1697.2,1,0
Arizona,Operations North,Tucson,AR Managed Group B,Reporting Pod 1,Tucson Pod 2,Dr. Santos 2,Drew Kim,DEMO-001401,1.08,0.626,0.355,5383.35,0,0
Arizona,Operations North,Tucson,AR Managed Group B,Reporting Pod 1,Tucson Pod 2,Dr. Santos 2,Quinn Kim,DEMO-001402,1.16,0.936,0.168,4278.24,1,1
Arizona,Operations North,Tucson,AR Managed Group B,Reporting Pod 1,Tucson Pod 2,Dr. Santos 2,Quinn Bennett,DEMO-001403,1.25,0.698,0.184,2826.04,1,0
Arizona,Operations North,Tucson,AR Managed Group B,Reporting Pod 1,Tucson Pod 2,Dr. Santos 2,Harper Kim,DEMO-001404,1.14,0.877,0.248,5713.95,1,0
Arizona,Operations North,Tucson,AR Managed Group B,Reporting Pod 2,Tucson Pod 1,Dr. Foster 1,Morgan Cooper,DEMO-001405,1.1,0.815,0.205,9354.34,2,0
Arizona,Operations North,Tucson,AR Managed Group B,Reporting Pod 2,Tucson Pod 1,Dr. Foster 1,Parker Santos,DEMO-001406,1.31,0.735,0.525,17346.99,2,2
Arizona,Operations North,Tucson,AR Managed Group B,Reporting Pod 2,Tucson Pod 1,Dr. Foster 1,Taylor Chen,DEMO-001407,1.14,0.794,0.46,1439.94,0,1
Arizona,Operations North,Tucson,AR Managed Group B,Reporting Pod 2,Tucson Pod 1,Dr. Foster 1,Riley Chen,DEMO-001408,1.09,0.533,0.374,10415.09,0,0
Arizona,Operations North,Tucson,AR Managed Group B,Reporting Pod 2,Tucson Pod 1,Dr. Foster 1,Morgan Santos,DEMO-001409,1.15,0.979,0.328,5510.65,3,0
Arizona,Operations North,Tucson,AR Managed Group B,Reporting Pod 2,Tucson Pod 1,Dr. Foster 1,Quinn Rivera,DEMO-001410,1.2,1.0,0.416,4679.52,0,0
Arizona,Operations North,Tucson,AR Managed Group B,Reporting Pod 2,Tucson Pod 1,Dr. Foster 1,Morgan Wright,DEMO-001411,1.49,0.825,0.379,7688.9,1,0
Arizona,Operations North,Tucson,AR Managed Group B,Reporting Pod 2,Tucson Pod 1,Dr. Foster 1,Blake Kim,DEMO-001412,1.01,0.776,0.108,6078.46,1,0
Arizona,Operations North,Tucson,AR Managed Group B,Reporting Pod 2,Tucson Pod 1,Dr. Foster 1,Rowan Santos,DEMO-001413,1.59,0.68,0.454,13487.39,2,0
Arizona,Operations North,Tucson,AR Managed Group B,Reporting Pod 2,Tucson Pod 1,Dr. Chen 2,Jordan Morales,DEMO-001414,1.65,0.852,0.793,1601.98,4,1
Arizona,Operations North,Tucson,AR Managed Group B,Reporting Pod 2,Tucson Pod 1,Dr. Chen 2,Drew Chen,DEMO-001415,1.25,0.692,0.225,4173.77,1,0
Arizona,Operations North,Tucson,AR Managed Group B,Reporting Pod 2,Tucson Pod 1,Dr. Chen 2,Emerson Shah,DEMO-001416,0.79,0.802,0.332,11038.63,1,0
Arizona,Operations North,Tucson,AR Managed Group B,Reporting Pod 2,Tucson Pod 1,Dr. Chen 2,Harper Hughes,DEMO-001417,1.33,0.655,0.436,3181.5,0,0
Arizona,Operations North,Tucson,AR Managed Group B,Reporting Pod 2,Tucson Pod 1,Dr. Chen 2,Alex Cooper,DEMO-001418,1.08,0.873,0.161,5430.62,1,0
Arizona,Operations North,Tucson,AR Managed Group B,Reporting Pod 2,Tucson Pod 1,Dr. Chen 2,Alex Wright,DEMO-001419,1.1,0.877,0.208,42036.93,5,1
Arizona,Operations North,Tucson,AR Managed Group B,Reporting Pod 2,Tucson Pod 1,Dr. Chen 2,Casey Wright,DEMO-001420,0.98,0.82,0.438,4025.37,1,0
Arizona,Operations North,Tucson,AR Managed Group B,Reporting Pod 2,Tucson Pod 1,Dr. Chen 2,Casey Cooper,DEMO-001421,1.2,0.871,0.145,4824.66,0,1
Arizona,Operations North,Tucson,AR Managed Group B,Reporting Pod 2,Tucson Pod 1,Dr. Chen 2,Emerson Shah,DEMO-001422,1.23,0.725,0.36,9866.61,2,0
Arizona,Operations North,Tucson,AR Managed Group B,Reporting Pod 2,Tucson Pod 2,Dr. Cooper 1,Avery Rivera,DEMO-001423,1.17,0.777,0.167,6438.11,0,0
Arizona,Operations North,Tucson,AR Managed Group B,Reporting Pod 2,Tucson Pod 2,Dr. Cooper 1,Parker Shah,DEMO-001424,0.62,0.969,0.03,3681.12,0,0
Arizona,Operations North,Tucson,AR Managed Group B,Reporting Pod 2,Tucson Pod 2,Dr. Cooper 1,Harper Wright,DEMO-001425,1.44,0.672,0.445,6889.08,1,0
Arizona,Operations North,Tucson,AR Managed Group B,Reporting Pod 2,Tucson Pod 2,Dr. Cooper 1,Blake Cooper,DEMO-001426,0.93,0.998,0.087,4082.02,0,0
Arizona,Operations North,Tucson,AR Managed Group B,Reporting Pod 2,Tucson Pod 2,Dr. Cooper 1,Jordan Foster,DEMO-001427,1.26,0.809,0.353,3457.26,0,0
Arizona,Operations North,Tucson,AR Managed Group B,Reporting Pod 2,Tucson Pod 2,Dr. Cooper 1,Taylor Chen,DEMO-001428,1.19,0.636,0.375,24662.23,1,0
Arizona,Operations North,Tucson,AR Managed Group B,Reporting Pod 2,Tucson Pod 2,Dr. Cooper 1,Taylor Shah,DEMO-001429,0.99,0.83,0.329,5640.19,0,1
Arizona,Operations North,Tucson,AR Managed Group B,Reporting Pod 2,Tucson Pod 2,Dr. Cooper 1,Alex Kim,DEMO-001430,1.18,0.559,0.442,5505.69,3,1
Arizona,Operations North,Tucson,AR Managed Group B,Reporting Pod 2,Tucson Pod 2,Dr. Cooper 1,Emerson Wright,DEMO-001431,1.6,0.658,0.438,9168.13,2,0
Arizona,Operations North,Tucson,AR Managed Group B,Reporting Pod 2,Tucson Pod 2,Dr. Ali 2,Kai Wright,DEMO-001432,1.13,1.0,0.373,6378.19,0,1
Arizona,Operations North,Tucson,AR Managed Group B,Reporting Pod 2,Tucson Pod 2,Dr. Ali 2,Jordan Hughes,DEMO-001433,1.07,0.709,0.189,19937.28,3,0
Arizona,Operations North,Tucson,AR Managed Group B,Reporting Pod 2,Tucson Pod 2,Dr. Ali 2,Rowan Brooks,DEMO-001434,1.64,0.932,0.415,5713.11,2,1
Arizona,Operations North,Tucson,AR Managed Group B,Reporting Pod 2,Tucson Pod 2,Dr. Ali 2,Emerson Hughes,DEMO-001435,0.92,0.679,0.21,6248.96,5,0
Arizona,Operations North,Tucson,AR Managed Group B,Reporting Pod 2,Tucson Pod 2,Dr. Ali 2,Taylor Chen,DEMO-001436,1.39,0.855,0.629,4246.54,2,0
Arizona,Operations North,Tucson,AR Managed Group B,Reporting Pod 2,Tucson Pod 2,Dr. Ali 2,Avery Hughes,DEMO-001437,1.54,0.702,0.232,8085.01,4,0
Arizona,Operations North,Tucson,AR Managed Group B,Reporting Pod 2,Tucson Pod 2,Dr. Ali 2,Kai Rivera,DEMO-001438,2.06,0.649,0.51,7180.87,2,0
Arizona,Operations North,Tucson,AR Managed Group B,Reporting Pod 2,Tucson Pod 2,Dr. Ali 2,Riley Hughes,DEMO-001439,1.33,1.0,0.351,4999.75,4,0
Arizona,Operations North,Tucson,AR Managed Group B,Reporting Pod 2,Tucson Pod 2,Dr. Ali 2,Drew Wright,DEMO-001440,0.99,0.685,0.329,11143.81,0,0
Arizona,Operations South,Phoenix,AR Managed Group A,Reporting Pod 1,Phoenix Pod 1,Dr. Rivera 1,Jordan Patel,DEMO-001441,1.63,0.608,0.599,10907.5,0,1
Arizona,Operations South,Phoenix,AR Managed Group A,Reporting Pod 1,Phoenix Pod 1,Dr. Rivera 1,Casey Foster,DEMO-001442,1.11,0.727,0.345,3713.07,3,0
Arizona,Operations South,Phoenix,AR Managed Group A,Reporting Pod 1,Phoenix Pod 1,Dr. Rivera 1,Reese Santos,DEMO-001443,1.93,0.765,0.733,5964.46,3,0
Arizona,Operations South,Phoenix,AR Managed Group A,Reporting Pod 1,Phoenix Pod 1,Dr. Rivera 1,Kai Rivera,DEMO-001444,1.33,0.651,0.436,5089.22,3,1
Arizona,Operations South,Phoenix,AR Managed Group A,Reporting Pod 1,Phoenix Pod 1,Dr. Rivera 1,Kai Brooks,DEMO-001445,1.16,0.856,0.148,6574.03,0,0
Arizona,Operations South,Phoenix,AR Managed Group A,Reporting Pod 1,Phoenix Pod 1,Dr. Rivera 1,Quinn Morales,DEMO-001446,1.49,1.0,0.392,7160.4,2,0
Arizona,Operations South,Phoenix,AR Managed Group A,Reporting Pod 1,Phoenix Pod 1,Dr. Rivera 1,Reese Foster,DEMO-001447,1.34,0.822,0.602,9632.02,1,1
Arizona,Operations South,Phoenix,AR Managed Group A,Reporting Pod 1,Phoenix Pod 1,Dr. Rivera 1,Blake Turner,DEMO-001448,1.57,0.787,0.295,5635.24,0,0
Arizona,Operations South,Phoenix,AR Managed Group A,Reporting Pod 1,Phoenix Pod 1,Dr. Rivera 1,Riley Wright,DEMO-001449,1.69,0.466,0.467,25117.45,3,2
Arizona,Operations South,Phoenix,AR Managed Group A,Reporting Pod 1,Phoenix Pod 1,Dr. Kim 2,Harper Foster,DEMO-001450,1.5,0.946,0.381,4573.57,0,0
Arizona,Operations South,Phoenix,AR Managed Group A,Reporting Pod 1,Phoenix Pod 1,Dr. Kim 2,Jordan Ali,DEMO-001451,1.29,0.888,0.356,3298.66,2,0
Arizona,Operations South,Phoenix,AR Managed Group A,Reporting Pod 1,Phoenix Pod 1,Dr. Kim 2,Parker Wright,DEMO-001452,1.63,0.739,0.426,2623.77,1,0
Arizona,Operations South,Phoenix,AR Managed Group A,Reporting Pod 1,Phoenix Pod 1,Dr. Kim 2,Drew Kim,DEMO-001453,1.98,0.577,0.936,14088.84,2,1
Arizona,Operations South,Phoenix,AR Managed Group A,Reporting Pod 1,Phoenix Pod 1,Dr. Kim 2,Jordan Shah,DEMO-001454,1.24,1.0,0.152,3511.4,2,0
Arizona,Operations South,Phoenix,AR Managed Group A,Reporting Pod 1,Phoenix Pod 1,Dr. Kim 2,Riley Morales,DEMO-001455,0.64,0.941,0.109,3598.82,1,0
Arizona,Operations South,Phoenix,AR Managed Group A,Reporting Pod 1,Phoenix Pod 1,Dr. Kim 2,Casey Carter,DEMO-001456,1.36,0.918,0.179,1851.59,1,1
Arizona,Operations South,Phoenix,AR Managed Group A,Reporting Pod 1,Phoenix Pod 1,Dr. Kim 2,Emerson Shah,DEMO-001457,1.41,1.0,0.416,4473.9,1,2
Arizona,Operations South,Phoenix,AR Managed Group A,Reporting Pod 1,Phoenix Pod 1,Dr. Kim 2,Taylor Turner,DEMO-001458,1.47,0.733,0.548,10538.05,3,0
Arizona,Operations South,Phoenix,AR Managed Group A,Reporting Pod 1,Phoenix Pod 2,Dr. Hughes 1,Taylor Shah,DEMO-001459,0.88,0.81,0.079,9268.76,1,0
Arizona,Operations South,Phoenix,AR Managed Group A,Reporting Pod 1,Phoenix Pod 2,Dr. Hughes 1,Drew Santos,DEMO-001460,0.93,0.644,0.144,11155.48,0,0
Arizona,Operations South,Phoenix,AR Managed Group A,Reporting Pod 1,Phoenix Pod 2,Dr. Hughes 1,Jordan Hughes,DEMO-001461,1.74,0.948,0.63,8646.33,1,0
Arizona,Operations South,Phoenix,AR Managed Group A,Reporting Pod 1,Phoenix Pod 2,Dr. Hughes 1,Parker Kim,DEMO-001462,1.95,0.611,0.801,31861.7,3,1
Arizona,Operations South,Phoenix,AR Managed Group A,Reporting Pod 1,Phoenix Pod 2,Dr. Hughes 1,Rowan Bennett,DEMO-001463,1.59,0.765,0.416,15665.15,1,1
Arizona,Operations South,Phoenix,AR Managed Group A,Reporting Pod 1,Phoenix Pod 2,Dr. Hughes 1,Reese Turner,DEMO-001464,0.76,0.987,0.048,4543.2,0,0
Arizona,Operations South,Phoenix,AR Managed Group A,Reporting Pod 1,Phoenix Pod 2,Dr. Hughes 1,Quinn Shah,DEMO-001465,1.18,0.907,0.071,4470.84,0,0
Arizona,Operations South,Phoenix,AR Managed Group A,Reporting Pod 1,Phoenix Pod 2,Dr. Hughes 1,Taylor Ali,DEMO-001466,1.19,0.966,0.257,5804.72,0,2
Arizona,Operations South,Phoenix,AR Managed Group A,Reporting Pod 1,Phoenix Pod 2,Dr. Hughes 1,Riley Santos,DEMO-001467,1.53,0.754,0.418,10312.36,2,1
Arizona,Operations South,Phoenix,AR Managed Group A,Reporting Pod 1,Phoenix Pod 2,Dr. Patel 2,Harper Patel,DEMO-001468,1.07,0.937,0.225,5483.39,0,1
Arizona,Operations South,Phoenix,AR Managed Group A,Reporting Pod 1,Phoenix Pod 2,Dr. Patel 2,Riley Bennett,DEMO-001469,1.17,0.772,0.335,14384.43,0,0
Arizona,Operations South,Phoenix,AR Managed Group A,Reporting Pod 1,Phoenix Pod 2,Dr. Patel 2,Emerson Bennett,DEMO-001470,1.34,0.791,0.42,7687.15,1,1
Arizona,Operations South,Phoenix,AR Managed Group A,Reporting Pod 1,Phoenix Pod 2,Dr. Patel 2,Harper Cooper,DEMO-001471,1.08,0.694,0.427,15558.86,1,0
Arizona,Operations South,Phoenix,AR Managed Group A,Reporting Pod 1,Phoenix Pod 2,Dr. Patel 2,Avery Brooks,DEMO-001472,0.75,0.679,0.124,10011.33,3,1
Arizona,Operations South,Phoenix,AR Managed Group A,Reporting Pod 1,Phoenix Pod 2,Dr. Patel 2,Alex Bennett,DEMO-001473,0.77,0.632,0.287,8008.38,2,0
Arizona,Operations South,Phoenix,AR Managed Group A,Reporting Pod 1,Phoenix Pod 2,Dr. Patel 2,Reese Patel,DEMO-001474,1.39,0.705,0.233,19925.57,1,0
Arizona,Operations South,Phoenix,AR Managed Group A,Reporting Pod 1,Phoenix Pod 2,Dr. Patel 2,Kai Patel,DEMO-001475,1.43,0.72,0.356,13965.55,0,0
Arizona,Operations South,Phoenix,AR Managed Group A,Reporting Pod 1,Phoenix Pod 2,Dr. Patel 2,Taylor Cooper,DEMO-001476,1.32,0.842,0.469,10467.94,1,1
Arizona,Operations South,Phoenix,AR Managed Group A,Reporting Pod 2,Phoenix Pod 1,Dr. Morales 1,Reese Chen,DEMO-001477,1.3,0.887,0.274,10664.28,0,0
Arizona,Operations South,Phoenix,AR Managed Group A,Reporting Pod 2,Phoenix Pod 1,Dr. Morales 1,Quinn Morales,DEMO-001478,1.63,1.0,0.566,17526.89,2,0
Arizona,Operations South,Phoenix,AR Managed Group A,Reporting Pod 2,Phoenix Pod 1,Dr. Morales 1,Reese Foster,DEMO-001479,1.15,0.654,0.572,6321.4,3,0
Arizona,Operations South,Phoenix,AR Managed Group A,Reporting Pod 2,Phoenix Pod 1,Dr. Morales 1,Reese Ali,DEMO-001480,1.18,0.795,0.303,20222.21,0,0
Arizona,Operations South,Phoenix,AR Managed Group A,Reporting Pod 2,Phoenix Pod 1,Dr. Morales 1,Reese Kim,DEMO-001481,1.03,0.687,0.398,1020.06,1,0
Arizona,Operations South,Phoenix,AR Managed Group A,Reporting Pod 2,Phoenix Pod 1,Dr. Morales 1,Parker Cooper,DEMO-001482,1.34,0.91,0.431,4533.18,1,1
Arizona,Operations South,Phoenix,AR Managed Group A,Reporting Pod 2,Phoenix Pod 1,Dr. Morales 1,Riley Foster,DEMO-001483,1.5,0.889,0.653,13497.38,1,0
Arizona,Operations South,Phoenix,AR Managed Group A,Reporting Pod 2,Phoenix Pod 1,Dr. Morales 1,Parker Carter,DEMO-001484,0.9,1.0,0.152,4677.28,0,1
Arizona,Operations South,Phoenix,AR Managed Group A,Reporting Pod 2,Phoenix Pod 1,Dr. Morales 1,Avery Foster,DEMO-001485,1.13,0.734,0.406,6118.14,1,0
Arizona,Operations South,Phoenix,AR Managed Group A,Reporting Pod 2,Phoenix Pod 1,Dr. Carter 2,Blake Morales,DEMO-001486,1.38,0.687,0.616,5914.31,1,0
Arizona,Operations South,Phoenix,AR Managed Group A,Reporting Pod 2,Phoenix Pod 1,Dr. Carter 2,Alex Rivera,DEMO-001487,1.77,0.783,0.35,6068.29,1,2
Arizona,Operations South,Phoenix,AR Managed Group A,Reporting Pod 2,Phoenix Pod 1,Dr. Carter 2,Drew Hughes,DEMO-001488,1.83,0.525,0.468,17100.18,1,0
Arizona,Operations South,Phoenix,AR Managed Group A,Reporting Pod 2,Phoenix Pod 1,Dr. Carter 2,Taylor Bennett,DEMO-001489,1.47,1.0,0.418,5496.91,0,0
Arizona,Operations South,Phoenix,AR Managed Group A,Reporting Pod 2,Phoenix Pod 1,Dr. Carter 2,Harper Bennett,DEMO-001490,1.59,0.689,0.494,1229.17,0,0
Arizona,Operations South,Phoenix,AR Managed Group A,Reporting Pod 2,Phoenix Pod 1,Dr. Carter 2,Reese Turner,DEMO-001491,1.84,0.657,0.884,19232.07,2,0
Arizona,Operations South,Phoenix,AR Managed Group A,Reporting Pod 2,Phoenix Pod 1,Dr. Carter 2,Avery Turner,DEMO-001492,1.18,0.849,0.475,6367.6,1,0
Arizona,Operations South,Phoenix,AR Managed Group A,Reporting Pod 2,Phoenix Pod 1,Dr. Carter 2,Drew Patel,DEMO-001493,1.21,0.954,0.165,6280.87,0,1
Arizona,Operations South,Phoenix,AR Managed Group A,Reporting Pod 2,Phoenix Pod 1,Dr. Carter 2,Taylor Cooper,DEMO-001494,1.32,0.632,0.598,5265.12,1,2
Arizona,Operations South,Phoenix,AR Managed Group A,Reporting Pod 2,Phoenix Pod 2,Dr. Shah 1,Avery Shah,DEMO-001495,1.27,0.805,0.271,4849.16,1,1
Arizona,Operations South,Phoenix,AR Managed Group A,Reporting Pod 2,Phoenix Pod 2,Dr. Shah 1,Riley Rivera,DEMO-001496,0.98,0.575,0.195,12411.22,0,0
Arizona,Operations South,Phoenix,AR Managed Group A,Reporting Pod 2,Phoenix Pod 2,Dr. Shah 1,Rowan Shah,DEMO-001497,1.34,0.846,0.726,19019.08,3,0
Arizona,Operations South,Phoenix,AR Managed Group A,Reporting Pod 2,Phoenix Pod 2,Dr. Shah 1,Morgan Brooks,DEMO-001498,1.69,0.725,0.657,8286.6,3,0
Arizona,Operations South,Phoenix,AR Managed Group A,Reporting Pod 2,Phoenix Pod 2,Dr. Shah 1,Alex Rivera,DEMO-001499,1.38,0.915,0.463,16155.66,4,1
Arizona,Operations South,Phoenix,AR Managed Group A,Reporting Pod 2,Phoenix Pod 2,Dr. Shah 1,Quinn Wright,DEMO-001500,0.88,0.7,0.182,3102.12,1,0
Arizona,Operations South,Phoenix,AR Managed Group A,Reporting Pod 2,Phoenix Pod 2,Dr. Shah 1,Harper Santos,DEMO-001501,1.05,0.827,0.104,6190.51,0,0
Arizona,Operations South,Phoenix,AR Managed Group A,Reporting Pod 2,Phoenix Pod 2,Dr. Shah 1,Kai Wright,DEMO-001502,1.06,0.725,0.106,5798.65,2,0
Arizona,Operations South,Phoenix,AR Managed Group A,Reporting Pod 2,Phoenix Pod 2,Dr. Shah 1,Quinn Shah,DEMO-001503,1.04,0.838,0.23,7198.97,2,0
Arizona,Operations South,Phoenix,AR Managed Group A,Reporting Pod 2,Phoenix Pod 2,Dr. Brooks 2,Avery Rivera,DEMO-001504,0.92,0.797,0.114,11246.74,0,0
Arizona,Operations South,Phoenix,AR Managed Group A,Reporting Pod 2,Phoenix Pod 2,Dr. Brooks 2,Drew Turner,DEMO-001505,0.99,0.655,0.314,4291.17,0,1
Arizona,Operations South,Phoenix,AR Managed Group A,Reporting Pod 2,Phoenix Pod 2,Dr. Brooks 2,Harper Patel,DEMO-001506,0.54,0.905,0.23,3446.53,0,1
Arizona,Operations South,Phoenix,AR Managed Group A,Reporting Pod 2,Phoenix Pod 2,Dr. Brooks 2,Harper Morales,DEMO-001507,1.28,0.791,0.124,3173.7,1,0
Arizona,Operations South,Phoenix,AR Managed Group A,Reporting Pod 2,Phoenix Pod 2,Dr. Brooks 2,Taylor Hughes,DEMO-001508,1.35,0.902,0.36,5138.58,2,1
Arizona,Operations South,Phoenix,AR Managed Group A,Reporting Pod 2,Phoenix Pod 2,Dr. Brooks 2,Emerson Brooks,DEMO-001509,1.43,0.794,0.409,17562.41,3,0
Arizona,Operations South,Phoenix,AR Managed Group A,Reporting Pod 2,Phoenix Pod 2,Dr. Brooks 2,Riley Shah,DEMO-001510,0.67,0.673,0.462,8198.53,1,0
Arizona,Operations South,Phoenix,AR Managed Group A,Reporting Pod 2,Phoenix Pod 2,Dr. Brooks 2,Avery Shah,DEMO-001511,1.46,0.91,0.289,4482.49,2,1
Arizona,Operations South,Phoenix,AR Managed Group A,Reporting Pod 2,Phoenix Pod 2,Dr. Brooks 2,Jordan Santos,DEMO-001512,1.85,0.468,0.669,6765.25,2,1
Arizona,Operations South,Phoenix,AR Managed Group B,Reporting Pod 1,Phoenix Pod 1,Dr. Turner 1,Avery Patel,DEMO-001513,1.49,0.858,0.196,3784.38,0,0
Arizona,Operations South,Phoenix,AR Managed Group B,Reporting Pod 1,Phoenix Pod 1,Dr. Turner 1,Kai Cooper,DEMO-001514,1.02,0.714,0.377,18451.45,0,0
Arizona,Operations South,Phoenix,AR Managed Group B,Reporting Pod 1,Phoenix Pod 1,Dr. Turner 1,Rowan Shah,DEMO-001515,1.24,0.741,0.709,7340.88,4,1
Arizona,Operations South,Phoenix,AR Managed Group B,Reporting Pod 1,Phoenix Pod 1,Dr. Turner 1,Taylor Ali,DEMO-001516,1.24,0.81,0.079,3735.65,0,0
Arizona,Operations South,Phoenix,AR Managed Group B,Reporting Pod 1,Phoenix Pod 1,Dr. Turner 1,Avery Ali,DEMO-001517,1.22,0.801,0.401,10263.73,1,0
Arizona,Operations South,Phoenix,AR Managed Group B,Reporting Pod 1,Phoenix Pod 1,Dr. Turner 1,Riley Shah,DEMO-001518,1.15,0.528,0.465,18830.95,3,1
Arizona,Operations South,Phoenix,AR Managed Group B,Reporting Pod 1,Phoenix Pod 1,Dr. Turner 1,Taylor Wright,DEMO-001519,1.05,0.96,0.487,18188.92,0,0
Arizona,Operations South,Phoenix,AR Managed Group B,Reporting Pod 1,Phoenix Pod 1,Dr. Turner 1,Morgan Patel,DEMO-001520,1.58,1.0,0.339,4145.21,1,2
Arizona,Operations South,Phoenix,AR Managed Group B,Reporting Pod 1,Phoenix Pod 1,Dr. Turner 1,Parker Cooper,DEMO-001521,1.06,0.797,0.123,2465.28,1,0
Arizona,Operations South,Phoenix,AR Managed Group B,Reporting Pod 1,Phoenix Pod 1,Dr. Bennett 2,Rowan Cooper,DEMO-001522,1.27,0.881,0.29,7031.76,2,2
Arizona,Operations South,Phoenix,AR Managed Group B,Reporting Pod 1,Phoenix Pod 1,Dr. Bennett 2,Parker Rivera,DEMO-001523,1.24,0.645,0.391,5034.92,1,0
Arizona,Operations South,Phoenix,AR Managed Group B,Reporting Pod 1,Phoenix Pod 1,Dr. Bennett 2,Jordan Wright,DEMO-001524,1.02,0.766,0.148,7273.57,0,0
Arizona,Operations South,Phoenix,AR Managed Group B,Reporting Pod 1,Phoenix Pod 1,Dr. Bennett 2,Parker Kim,DEMO-001525,0.45,1.0,0.121,16293.25,2,0
Arizona,Operations South,Phoenix,AR Managed Group B,Reporting Pod 1,Phoenix Pod 1,Dr. Bennett 2,Blake Turner,DEMO-001526,0.94,0.741,0.3,12679.9,1,1
Arizona,Operations South,Phoenix,AR Managed Group B,Reporting Pod 1,Phoenix Pod 1,Dr. Bennett 2,Drew Ali,DEMO-001527,1.48,0.974,0.318,8645.92,1,0
Arizona,Operations South,Phoenix,AR Managed Group B,Reporting Pod 1,Phoenix Pod 1,Dr. Bennett 2,Drew Cooper,DEMO-001528,1.1,0.815,0.318,1411.23,0,0
Arizona,Operations South,Phoenix,AR Managed Group B,Reporting Pod 1,Phoenix Pod 1,Dr. Bennett 2,Harper Kim,DEMO-001529,1.18,0.869,0.291,10861.26,1,0
Arizona,Operations South,Phoenix,AR Managed Group B,Reporting Pod 1,Phoenix Pod 1,Dr. Bennett 2,Parker Hughes,DEMO-001530,0.92,0.581,0.444,5914.59,2,0
Arizona,Operations South,Phoenix,AR Managed Group B,Reporting Pod 1,Phoenix Pod 2,Dr. Wright 1,Blake Brooks,DEMO-001531,0.49,0.64,0.124,5258.01,1,0
Arizona,Operations South,Phoenix,AR Managed Group B,Reporting Pod 1,Phoenix Pod 2,Dr. Wright 1,Emerson Foster,DEMO-001532,1.44,0.728,0.551,15741.73,1,0
Arizona,Operations South,Phoenix,AR Managed Group B,Reporting Pod 1,Phoenix Pod 2,Dr. Wright 1,Avery Shah,DEMO-001533,0.89,0.656,0.161,4233.8,0,0
Arizona,Operations South,Phoenix,AR Managed Group B,Reporting Pod 1,Phoenix Pod 2,Dr. Wright 1,Reese Carter,DEMO-001534,1.41,1.0,0.198,10882.29,3,0
Arizona,Operations South,Phoenix,AR Managed Group B,Reporting Pod 1,Phoenix Pod 2,Dr. Wright 1,Casey Turner,DEMO-001535,0.61,0.647,0.227,3234.05,1,0
Arizona,Operations South,Phoenix,AR Managed Group B,Reporting Pod 1,Phoenix Pod 2,Dr. Wright 1,Quinn Morales,DEMO-001536,1.42,0.683,0.407,5791.91,2,1
Arizona,Operations South,Phoenix,AR Managed Group B,Reporting Pod 1,Phoenix Pod 2,Dr. Wright 1,Alex Rivera,DEMO-001537,1.37,0.924,0.435,3970.13,5,0
Arizona,Operations South,Phoenix,AR Managed Group B,Reporting Pod 1,Phoenix Pod 2,Dr. Wright 1,Kai Ali,DEMO-001538,1.39,0.854,0.725,13365.15,4,1
Arizona,Operations South,Phoenix,AR Managed Group B,Reporting Pod 1,Phoenix Pod 2,Dr. Wright 1,Casey Brooks,DEMO-001539,1.17,0.881,0.259,5692.93,0,1
Arizona,Operations South,Phoenix,AR Managed Group B,Reporting Pod 1,Phoenix Pod 2,Dr. Santos 2,Riley Chen,DEMO-001540,1.51,0.832,0.297,4673.26,1,1
Arizona,Operations South,Phoenix,AR Managed Group B,Reporting Pod 1,Phoenix Pod 2,Dr. Santos 2,Rowan Chen,DEMO-001541,1.35,0.771,0.211,3186.85,0,0
Arizona,Operations South,Phoenix,AR Managed Group B,Reporting Pod 1,Phoenix Pod 2,Dr. Santos 2,Avery Hughes,DEMO-001542,1.3,0.668,0.318,8780.92,0,1
Arizona,Operations South,Phoenix,AR Managed Group B,Reporting Pod 1,Phoenix Pod 2,Dr. Santos 2,Kai Cooper,DEMO-001543,0.76,1.0,0.076,2459.23,0,0
Arizona,Operations South,Phoenix,AR Managed Group B,Reporting Pod 1,Phoenix Pod 2,Dr. Santos 2,Blake Carter,DEMO-001544,1.27,0.614,0.792,6243.02,5,0
Arizona,Operations South,Phoenix,AR Managed Group B,Reporting Pod 1,Phoenix Pod 2,Dr. Santos 2,Drew Hughes,DEMO-001545,1.44,0.641,0.752,7333.59,3,0
Arizona,Operations South,Phoenix,AR Managed Group B,Reporting Pod 1,Phoenix Pod 2,Dr. Santos 2,Rowan Brooks,DEMO-001546,1.28,0.753,0.241,11061.7,2,0
Arizona,Operations South,Phoenix,AR Managed Group B,Reporting Pod 1,Phoenix Pod 2,Dr. Santos 2,Taylor Shah,DEMO-001547,1.24,0.692,0.637,4296.31,0,0
Arizona,Operations South,Phoenix,AR Managed Group B,Reporting Pod 1,Phoenix Pod 2,Dr. Santos 2,Casey Foster,DEMO-001548,0.82,0.854,0.184,1868.57,1,0
Arizona,Operations South,Phoenix,AR Managed Group B,Reporting Pod 2,Phoenix Pod 1,Dr. Foster 1,Rowan Ali,DEMO-001549,0.88,0.514,0.105,1565.57,0,1
Arizona,Operations South,Phoenix,AR Managed Group B,Reporting Pod 2,Phoenix Pod 1,Dr. Foster 1,Riley Morales,DEMO-001550,0.97,0.843,0.12,2838.92,2,0
Arizona,Operations South,Phoenix,AR Managed Group B,Reporting Pod 2,Phoenix Pod 1,Dr. Foster 1,Jordan Ali,DEMO-001551,1.16,0.684,0.07,7560.25,0,0
Arizona,Operations South,Phoenix,AR Managed Group B,Reporting Pod 2,Phoenix Pod 1,Dr. Foster 1,Kai Morales,DEMO-001552,1.23,0.731,0.459,1875.52,1,0
Arizona,Operations South,Phoenix,AR Managed Group B,Reporting Pod 2,Phoenix Pod 1,Dr. Foster 1,Avery Carter,DEMO-001553,1.24,0.845,0.094,10658.51,2,0
Arizona,Operations South,Phoenix,AR Managed Group B,Reporting Pod 2,Phoenix Pod 1,Dr. Foster 1,Emerson Carter,DEMO-001554,1.17,0.884,0.222,16876.61,2,0
Arizona,Operations South,Phoenix,AR Managed Group B,Reporting Pod 2,Phoenix Pod 1,Dr. Foster 1,Riley Shah,DEMO-001555,1.78,0.947,0.791,3968.9,1,1
Arizona,Operations South,Phoenix,AR Managed Group B,Reporting Pod 2,Phoenix Pod 1,Dr. Foster 1,Emerson Cooper,DEMO-001556,1.31,0.888,0.521,12026.66,2,1
Arizona,Operations South,Phoenix,AR Managed Group B,Reporting Pod 2,Phoenix Pod 1,Dr. Foster 1,Taylor Patel,DEMO-001557,1.2,0.727,0.597,4331.97,2,0
Arizona,Operations South,Phoenix,AR Managed Group B,Reporting Pod 2,Phoenix Pod 1,Dr. Chen 2,Reese Rivera,DEMO-001558,1.06,0.645,0.441,5717.9,2,0
Arizona,Operations South,Phoenix,AR Managed Group B,Reporting Pod 2,Phoenix Pod 1,Dr. Chen 2,Riley Turner,DEMO-001559,1.59,1.0,0.723,9793.56,0,0
Arizona,Operations South,Phoenix,AR Managed Group B,Reporting Pod 2,Phoenix Pod 1,Dr. Chen 2,Drew Cooper,DEMO-001560,1.47,0.648,0.695,5288.28,1,1
Arizona,Operations South,Phoenix,AR Managed Group B,Reporting Pod 2,Phoenix Pod 1,Dr. Chen 2,Blake Cooper,DEMO-001561,1.03,0.876,0.548,13123.57,0,0
Arizona,Operations South,Phoenix,AR Managed Group B,Reporting Pod 2,Phoenix Pod 1,Dr. Chen 2,Taylor Shah,DEMO-001562,1.7,0.653,0.63,13526.75,1,0
Arizona,Operations South,Phoenix,AR Managed Group B,Reporting Pod 2,Phoenix Pod 1,Dr. Chen 2,Kai Chen,DEMO-001563,1.56,0.824,0.329,8752.97,0,0
Arizona,Operations South,Phoenix,AR Managed Group B,Reporting Pod 2,Phoenix Pod 1,Dr. Chen 2,Kai Chen,DEMO-001564,1.14,0.857,0.338,3598.36,0,0
Arizona,Operations South,Phoenix,AR Managed Group B,Reporting Pod 2,Phoenix Pod 1,Dr. Chen 2,Riley Kim,DEMO-001565,1.03,0.836,0.099,11415.63,1,0
Arizona,Operations South,Phoenix,AR Managed Group B,Reporting Pod 2,Phoenix Pod 1,Dr. Chen 2,Casey Morales,DEMO-001566,0.67,1.0,0.1,1929.52,1,1
Arizona,Operations South,Phoenix,AR Managed Group B,Reporting Pod 2,Phoenix Pod 2,Dr. Cooper 1,Jordan Foster,DEMO-001567,0.95,0.797,0.245,4188.0,0,0
Arizona,Operations South,Phoenix,AR Managed Group B,Reporting Pod 2,Phoenix Pod 2,Dr. Cooper 1,Morgan Ali,DEMO-001568,1.26,0.924,0.068,4190.82,1,0
Arizona,Operations South,Phoenix,AR Managed Group B,Reporting Pod 2,Phoenix Pod 2,Dr. Cooper 1,Jordan Cooper,DEMO-001569,1.24,0.783,0.281,7224.82,0,0
Arizona,Operations South,Phoenix,AR Managed Group B,Reporting Pod 2,Phoenix Pod 2,Dr. Cooper 1,Harper Chen,DEMO-001570,1.52,0.778,0.455,8094.27,1,0
Arizona,Operations South,Phoenix,AR Managed Group B,Reporting Pod 2,Phoenix Pod 2,Dr. Cooper 1,Avery Wright,DEMO-001571,1.45,1.0,0.237,1799.57,2,0
Arizona,Operations South,Phoenix,AR Managed Group B,Reporting Pod 2,Phoenix Pod 2,Dr. Cooper 1,Riley Carter,DEMO-001572,0.96,0.913,0.386,10101.91,3,1
Arizona,Operations South,Phoenix,AR Managed Group B,Reporting Pod 2,Phoenix Pod 2,Dr. Cooper 1,Taylor Shah,DEMO-001573,1.44,0.972,0.59,6981.25,3,1
Arizona,Operations South,Phoenix,AR Managed Group B,Reporting Pod 2,Phoenix Pod 2,Dr. Cooper 1,Reese Ali,DEMO-001574,0.95,0.928,0.179,14528.59,0,0
Arizona,Operations South,Phoenix,AR Managed Group B,Reporting Pod 2,Phoenix Pod 2,Dr. Cooper 1,Rowan Kim,DEMO-001575,1.06,0.792,0.456,4204.15,1,0
Arizona,Operations South,Phoenix,AR Managed Group B,Reporting Pod 2,Phoenix Pod 2,Dr. Ali 2,Emerson Foster,DEMO-001576,1.1,0.897,0.353,5472.83,2,0
Arizona,Operations South,Phoenix,AR Managed Group B,Reporting Pod 2,Phoenix Pod 2,Dr. Ali 2,Quinn Rivera,DEMO-001577,1.33,0.775,0.267,4737.98,0,0
Arizona,Operations South,Phoenix,AR Managed Group B,Reporting Pod 2,Phoenix Pod 2,Dr. Ali 2,Emerson Patel,DEMO-001578,1.09,0.784,0.322,2506.5,1,0
Arizona,Operations South,Phoenix,AR Managed Group B,Reporting Pod 2,Phoenix Pod 2,Dr. Ali 2,Casey Ali,DEMO-001579,0.8,0.895,0.083,4831.04,2,0
Arizona,Operations South,Phoenix,AR Managed Group B,Reporting Pod 2,Phoenix Pod 2,Dr. Ali 2,Avery Patel,DEMO-001580,0.98,0.86,0.224,1711.91,0,0
Arizona,Operations South,Phoenix,AR Managed Group B,Reporting Pod 2,Phoenix Pod 2,Dr. Ali 2,Drew Kim,DEMO-001581,1.76,0.555,0.601,5276.73,2,0
Arizona,Operations South,Phoenix,AR Managed Group B,Reporting Pod 2,Phoenix Pod 2,Dr. Ali 2,Blake Wright,DEMO-001582,1.18,0.701,0.281,10590.05,2,1
Arizona,Operations South,Phoenix,AR Managed Group B,Reporting Pod 2,Phoenix Pod 2,Dr. Ali 2,Emerson Kim,DEMO-001583,1.3,0.894,0.437,4042.67,2,1
Arizona,Operations South,Phoenix,AR Managed Group B,Reporting Pod 2,Phoenix Pod 2,Dr. Ali 2,Riley Wright,DEMO-001584,1.32,0.655,0.364,9738.72,0,0
Arizona,Operations South,Tucson,AR Managed Group A,Reporting Pod 1,Tucson Pod 1,Dr. Rivera 1,Taylor Cooper,DEMO-001585,0.95,0.863,0.259,12437.88,1,1
Arizona,Operations South,Tucson,AR Managed Group A,Reporting Pod 1,Tucson Pod 1,Dr. Rivera 1,Parker Hughes,DEMO-001586,1.55,0.79,0.56,7073.07,0,2
Arizona,Operations South,Tucson,AR Managed Group A,Reporting Pod 1,Tucson Pod 1,Dr. Rivera 1,Rowan Patel,DEMO-001587,1.09,0.619,0.407,5779.53,3,0
Arizona,Operations South,Tucson,AR Managed Group A,Reporting Pod 1,Tucson Pod 1,Dr. Rivera 1,Kai Carter,DEMO-001588,0.92,0.962,0.214,3148.74,1,0
Arizona,Operations South,Tucson,AR Managed Group A,Reporting Pod 1,Tucson Pod 1,Dr. Rivera 1,Taylor Morales,DEMO-001589,0.87,0.81,0.093,1676.64,0,0
Arizona,Operations South,Tucson,AR Managed Group A,Reporting Pod 1,Tucson Pod 1,Dr. Rivera 1,Morgan Cooper,DEMO-001590,0.82,0.934,0.111,8638.06,0,0
Arizona,Operations South,Tucson,AR Managed Group A,Reporting Pod 1,Tucson Pod 1,Dr. Rivera 1,Reese Morales,DEMO-001591,1.24,0.637,0.562,4798.95,0,0
Arizona,Operations South,Tucson,AR Managed Group A,Reporting Pod 1,Tucson Pod 1,Dr. Rivera 1,Avery Ali,DEMO-001592,1.6,0.82,0.644,3740.89,1,1
Arizona,Operations South,Tucson,AR Managed Group A,Reporting Pod 1,Tucson Pod 1,Dr. Rivera 1,Avery Patel,DEMO-001593,0.74,0.617,0.137,6620.08,1,0
Arizona,Operations South,Tucson,AR Managed Group A,Reporting Pod 1,Tucson Pod 1,Dr. Kim 2,Alex Bennett,DEMO-001594,1.04,0.844,0.398,6689.31,4,1
Arizona,Operations South,Tucson,AR Managed Group A,Reporting Pod 1,Tucson Pod 1,Dr. Kim 2,Alex Turner,DEMO-001595,1.28,0.82,0.321,19238.52,0,0
Arizona,Operations South,Tucson,AR Managed Group A,Reporting Pod 1,Tucson Pod 1,Dr. Kim 2,Kai Santos,DEMO-001596,1.3,0.72,0.36,3094.19,0,0
Arizona,Operations South,Tucson,AR Managed Group A,Reporting Pod 1,Tucson Pod 1,Dr. Kim 2,Taylor Brooks,DEMO-001597,0.86,0.878,0.353,3837.59,0,3
Arizona,Operations South,Tucson,AR Managed Group A,Reporting Pod 1,Tucson Pod 1,Dr. Kim 2,Harper Foster,DEMO-001598,0.91,0.903,0.313,1579.64,1,0
Arizona,Operations South,Tucson,AR Managed Group A,Reporting Pod 1,Tucson Pod 1,Dr. Kim 2,Rowan Kim,DEMO-001599,1.16,0.831,0.185,4396.63,0,0
Arizona,Operations South,Tucson,AR Managed Group A,Reporting Pod 1,Tucson Pod 1,Dr. Kim 2,Morgan Carter,DEMO-001600,0.81,0.902,0.258,8933.33,1,0
Arizona,Operations South,Tucson,AR Managed Group A,Reporting Pod 1,Tucson Pod 1,Dr. Kim 2,Alex Bennett,DEMO-001601,0.87,0.57,0.263,7692.96,1,1
Arizona,Operations South,Tucson,AR Managed Group A,Reporting Pod 1,Tucson Pod 1,Dr. Kim 2,Blake Morales,DEMO-001602,0.91,0.917,0.271,3481.05,0,1
Arizona,Operations South,Tucson,AR Managed Group A,Reporting Pod 1,Tucson Pod 2,Dr. Hughes 1,Riley Carter,DEMO-001603,0.72,0.821,0.108,9654.33,3,0
Arizona,Operations South,Tucson,AR Managed Group A,Reporting Pod 1,Tucson Pod 2,Dr. Hughes 1,Drew Cooper,DEMO-001604,1.46,0.845,0.339,10523.63,0,0
Arizona,Operations South,Tucson,AR Managed Group A,Reporting Pod 1,Tucson Pod 2,Dr. Hughes 1,Quinn Chen,DEMO-001605,1.13,0.703,0.23,5188.77,1,0
Arizona,Operations South,Tucson,AR Managed Group A,Reporting Pod 1,Tucson Pod 2,Dr. Hughes 1,Jordan Turner,DEMO-001606,1.03,0.785,0.023,5029.47,1,0
Arizona,Operations South,Tucson,AR Managed Group A,Reporting Pod 1,Tucson Pod 2,Dr. Hughes 1,Harper Wright,DEMO-001607,0.9,0.843,0.297,3767.16,0,0
Arizona,Operations South,Tucson,AR Managed Group A,Reporting Pod 1,Tucson Pod 2,Dr. Hughes 1,Blake Brooks,DEMO-001608,1.25,0.579,0.433,4264.08,2,0
Arizona,Operations South,Tucson,AR Managed Group A,Reporting Pod 1,Tucson Pod 2,Dr. Hughes 1,Morgan Rivera,DEMO-001609,1.64,0.717,0.671,5736.11,2,1
Arizona,Operations South,Tucson,AR Managed Group A,Reporting Pod 1,Tucson Pod 2,Dr. Hughes 1,Drew Brooks,DEMO-001610,0.75,0.709,0.492,8947.89,3,0
Arizona,Operations South,Tucson,AR Managed Group A,Reporting Pod 1,Tucson Pod 2,Dr. Hughes 1,Casey Wright,DEMO-001611,1.47,0.702,0.737,5692.48,2,0
Arizona,Operations South,Tucson,AR Managed Group A,Reporting Pod 1,Tucson Pod 2,Dr. Patel 2,Reese Patel,DEMO-001612,1.47,0.588,0.479,27146.4,0,1
Arizona,Operations South,Tucson,AR Managed Group A,Reporting Pod 1,Tucson Pod 2,Dr. Patel 2,Avery Ali,DEMO-001613,1.28,0.891,0.375,2459.3,4,0
Arizona,Operations South,Tucson,AR Managed Group A,Reporting Pod 1,Tucson Pod 2,Dr. Patel 2,Riley Carter,DEMO-001614,1.17,0.623,0.45,8470.87,2,0
Arizona,Operations South,Tucson,AR Managed Group A,Reporting Pod 1,Tucson Pod 2,Dr. Patel 2,Emerson Carter,DEMO-001615,1.57,0.796,0.389,6717.55,1,0
Arizona,Operations South,Tucson,AR Managed Group A,Reporting Pod 1,Tucson Pod 2,Dr. Patel 2,Drew Ali,DEMO-001616,1.22,0.899,0.347,9529.98,2,2
Arizona,Operations South,Tucson,AR Managed Group A,Reporting Pod 1,Tucson Pod 2,Dr. Patel 2,Avery Chen,DEMO-001617,0.71,1.0,0.229,3264.05,1,0
Arizona,Operations South,Tucson,AR Managed Group A,Reporting Pod 1,Tucson Pod 2,Dr. Patel 2,Morgan Brooks,DEMO-001618,0.75,1.0,0.054,8389.87,1,0
Arizona,Operations South,Tucson,AR Managed Group A,Reporting Pod 1,Tucson Pod 2,Dr. Patel 2,Alex Kim,DEMO-001619,0.8,0.733,0.088,1248.7,0,0
Arizona,Operations South,Tucson,AR Managed Group A,Reporting Pod 1,Tucson Pod 2,Dr. Patel 2,Taylor Kim,DEMO-001620,0.51,1.0,0.378,5488.23,0,0
Arizona,Operations South,Tucson,AR Managed Group A,Reporting Pod 2,Tucson Pod 1,Dr. Morales 1,Morgan Chen,DEMO-001621,1.18,0.898,0.413,13514.63,0,0
Arizona,Operations South,Tucson,AR Managed Group A,Reporting Pod 2,Tucson Pod 1,Dr. Morales 1,Drew Foster,DEMO-001622,1.13,0.666,0.353,12805.25,0,1
Arizona,Operations South,Tucson,AR Managed Group A,Reporting Pod 2,Tucson Pod 1,Dr. Morales 1,Morgan Hughes,DEMO-001623,1.54,0.793,0.504,4540.14,3,0
Arizona,Operations South,Tucson,AR Managed Group A,Reporting Pod 2,Tucson Pod 1,Dr. Morales 1,Jordan Brooks,DEMO-001624,1.27,0.729,0.544,11174.39,0,0
Arizona,Operations South,Tucson,AR Managed Group A,Reporting Pod 2,Tucson Pod 1,Dr. Morales 1,Alex Morales,DEMO-001625,1.22,0.705,0.34,8592.91,2,1
Arizona,Operations South,Tucson,AR Managed Group A,Reporting Pod 2,Tucson Pod 1,Dr. Morales 1,Kai Bennett,DEMO-001626,1.58,0.985,0.57,13756.21,5,1
Arizona,Operations South,Tucson,AR Managed Group A,Reporting Pod 2,Tucson Pod 1,Dr. Morales 1,Jordan Turner,DEMO-001627,0.7,0.821,0.302,14962.69,1,0
Arizona,Operations South,Tucson,AR Managed Group A,Reporting Pod 2,Tucson Pod 1,Dr. Morales 1,Morgan Ali,DEMO-001628,1.77,0.858,0.443,8327.59,1,0
Arizona,Operations South,Tucson,AR Managed Group A,Reporting Pod 2,Tucson Pod 1,Dr. Morales 1,Emerson Carter,DEMO-001629,0.86,0.606,0.4,3770.62,0,0
Arizona,Operations South,Tucson,AR Managed Group A,Reporting Pod 2,Tucson Pod 1,Dr. Carter 2,Alex Wright,DEMO-001630,1.82,0.613,0.618,4952.14,4,0
Arizona,Operations South,Tucson,AR Managed Group A,Reporting Pod 2,Tucson Pod 1,Dr. Carter 2,Kai Rivera,DEMO-001631,1.34,0.752,0.211,7362.0,0,0
Arizona,Operations South,Tucson,AR Managed Group A,Reporting Pod 2,Tucson Pod 1,Dr. Carter 2,Harper Carter,DEMO-001632,1.19,0.981,0.106,6095.87,0,0
Arizona,Operations South,Tucson,AR Managed Group A,Reporting Pod 2,Tucson Pod 1,Dr. Carter 2,Blake Rivera,DEMO-001633,1.63,0.819,0.498,9039.85,3,0
Arizona,Operations South,Tucson,AR Managed Group A,Reporting Pod 2,Tucson Pod 1,Dr. Carter 2,Alex Brooks,DEMO-001634,0.97,0.819,0.194,6197.63,1,0
Arizona,Operations South,Tucson,AR Managed Group A,Reporting Pod 2,Tucson Pod 1,Dr. Carter 2,Riley Rivera,DEMO-001635,1.52,0.683,0.605,27559.95,0,1
Arizona,Operations South,Tucson,AR Managed Group A,Reporting Pod 2,Tucson Pod 1,Dr. Carter 2,Jordan Patel,DEMO-001636,1.25,0.754,0.429,7082.55,5,0
Arizona,Operations South,Tucson,AR Managed Group A,Reporting Pod 2,Tucson Pod 1,Dr. Carter 2,Casey Turner,DEMO-001637,1.2,0.755,0.214,5143.15,0,0
Arizona,Operations South,Tucson,AR Managed Group A,Reporting Pod 2,Tucson Pod 1,Dr. Carter 2,Avery Cooper,DEMO-001638,1.86,0.609,0.73,17934.6,0,0
Arizona,Operations South,Tucson,AR Managed Group A,Reporting Pod 2,Tucson Pod 2,Dr. Shah 1,Taylor Chen,DEMO-001639,1.59,0.648,0.695,8261.88,5,1
Arizona,Operations South,Tucson,AR Managed Group A,Reporting Pod 2,Tucson Pod 2,Dr. Shah 1,Parker Ali,DEMO-001640,1.49,1.0,0.383,7784.17,0,0
Arizona,Operations South,Tucson,AR Managed Group A,Reporting Pod 2,Tucson Pod 2,Dr. Shah 1,Riley Kim,DEMO-001641,1.55,0.939,0.31,12460.39,0,1
Arizona,Operations South,Tucson,AR Managed Group A,Reporting Pod 2,Tucson Pod 2,Dr. Shah 1,Avery Shah,DEMO-001642,1.06,0.692,0.409,5735.95,1,1
Arizona,Operations South,Tucson,AR Managed Group A,Reporting Pod 2,Tucson Pod 2,Dr. Shah 1,Alex Morales,DEMO-001643,1.11,0.643,0.315,5334.81,1,0
Arizona,Operations South,Tucson,AR Managed Group A,Reporting Pod 2,Tucson Pod 2,Dr. Shah 1,Morgan Chen,DEMO-001644,1.65,0.788,0.768,4332.96,0,0
Arizona,Operations South,Tucson,AR Managed Group A,Reporting Pod 2,Tucson Pod 2,Dr. Shah 1,Avery Wright,DEMO-001645,0.89,0.702,0.46,13227.79,0,2
Arizona,Operations South,Tucson,AR Managed Group A,Reporting Pod 2,Tucson Pod 2,Dr. Shah 1,Blake Foster,DEMO-001646,0.92,0.627,0.564,10555.98,6,0
Arizona,Operations South,Tucson,AR Managed Group A,Reporting Pod 2,Tucson Pod 2,Dr. Shah 1,Jordan Patel,DEMO-001647,1.09,0.946,0.168,6260.45,2,0
Arizona,Operations South,Tucson,AR Managed Group A,Reporting Pod 2,Tucson Pod 2,Dr. Brooks 2,Riley Ali,DEMO-001648,1.3,0.782,0.432,3943.81,0,2
Arizona,Operations South,Tucson,AR Managed Group A,Reporting Pod 2,Tucson Pod 2,Dr. Brooks 2,Avery Kim,DEMO-001649,0.9,0.795,0.327,5038.81,0,1
Arizona,Operations South,Tucson,AR Managed Group A,Reporting Pod 2,Tucson Pod 2,Dr. Brooks 2,Alex Patel,DEMO-001650,2.03,0.925,0.831,4935.82,3,2
Arizona,Operations South,Tucson,AR Managed Group A,Reporting Pod 2,Tucson Pod 2,Dr. Brooks 2,Rowan Cooper,DEMO-001651,1.28,0.538,0.7,3044.0,3,0
Arizona,Operations South,Tucson,AR Managed Group A,Reporting Pod 2,Tucson Pod 2,Dr. Brooks 2,Harper Cooper,DEMO-001652,0.78,1.0,0.191,4274.73,0,1
Arizona,Operations South,Tucson,AR Managed Group A,Reporting Pod 2,Tucson Pod 2,Dr. Brooks 2,Reese Shah,DEMO-001653,1.81,0.638,0.685,44200.57,2,1
Arizona,Operations South,Tucson,AR Managed Group A,Reporting Pod 2,Tucson Pod 2,Dr. Brooks 2,Rowan Brooks,DEMO-001654,1.31,0.929,0.319,3279.24,0,1
Arizona,Operations South,Tucson,AR Managed Group A,Reporting Pod 2,Tucson Pod 2,Dr. Brooks 2,Jordan Rivera,DEMO-001655,1.18,0.746,0.577,3482.73,4,0
Arizona,Operations South,Tucson,AR Managed Group A,Reporting Pod 2,Tucson Pod 2,Dr. Brooks 2,Jordan Kim,DEMO-001656,0.78,0.893,0.196,5181.77,1,0
Arizona,Operations South,Tucson,AR Managed Group B,Reporting Pod 1,Tucson Pod 1,Dr. Turner 1,Parker Rivera,DEMO-001657,1.02,0.688,0.196,4725.98,1,0
Arizona,Operations South,Tucson,AR Managed Group B,Reporting Pod 1,Tucson Pod 1,Dr. Turner 1,Riley Santos,DEMO-001658,2.0,0.643,0.689,30912.9,4,1
Arizona,Operations South,Tucson,AR Managed Group B,Reporting Pod 1,Tucson Pod 1,Dr. Turner 1,Jordan Patel,DEMO-001659,0.83,0.752,0.381,4771.52,0,0
Arizona,Operations South,Tucson,AR Managed Group B,Reporting Pod 1,Tucson Pod 1,Dr. Turner 1,Kai Patel,DEMO-001660,0.5,0.793,0.103,7068.73,0,0
Arizona,Operations South,Tucson,AR Managed Group B,Reporting Pod 1,Tucson Pod 1,Dr. Turner 1,Avery Brooks,DEMO-001661,1.59,0.702,0.707,25304.56,1,0
Arizona,Operations South,Tucson,AR Managed Group B,Reporting Pod 1,Tucson Pod 1,Dr. Turner 1,Rowan Rivera,DEMO-001662,1.45,0.945,0.592,13825.97,2,0
Arizona,Operations South,Tucson,AR Managed Group B,Reporting Pod 1,Tucson Pod 1,Dr. Turner 1,Taylor Foster,DEMO-001663,1.12,0.959,0.055,21493.25,0,0
Arizona,Operations South,Tucson,AR Managed Group B,Reporting Pod 1,Tucson Pod 1,Dr. Turner 1,Reese Rivera,DEMO-001664,0.8,0.686,0.923,4810.51,3,0
Arizona,Operations South,Tucson,AR Managed Group B,Reporting Pod 1,Tucson Pod 1,Dr. Turner 1,Morgan Brooks,DEMO-001665,1.39,0.671,0.278,4835.68,0,1
Arizona,Operations South,Tucson,AR Managed Group B,Reporting Pod 1,Tucson Pod 1,Dr. Bennett 2,Reese Morales,DEMO-001666,1.31,0.754,0.339,2736.44,0,1
Arizona,Operations South,Tucson,AR Managed Group B,Reporting Pod 1,Tucson Pod 1,Dr. Bennett 2,Parker Patel,DEMO-001667,1.07,0.98,0.07,5604.14,1,0
Arizona,Operations South,Tucson,AR Managed Group B,Reporting Pod 1,Tucson Pod 1,Dr. Bennett 2,Rowan Wright,DEMO-001668,1.41,0.679,0.729,7203.22,3,0
Arizona,Operations South,Tucson,AR Managed Group B,Reporting Pod 1,Tucson Pod 1,Dr. Bennett 2,Harper Chen,DEMO-001669,1.6,0.745,0.7,16004.81,3,0
Arizona,Operations South,Tucson,AR Managed Group B,Reporting Pod 1,Tucson Pod 1,Dr. Bennett 2,Reese Brooks,DEMO-001670,1.14,0.848,0.21,1968.08,1,1
Arizona,Operations South,Tucson,AR Managed Group B,Reporting Pod 1,Tucson Pod 1,Dr. Bennett 2,Kai Carter,DEMO-001671,0.62,0.952,0.16,3744.2,1,1
Arizona,Operations South,Tucson,AR Managed Group B,Reporting Pod 1,Tucson Pod 1,Dr. Bennett 2,Drew Patel,DEMO-001672,1.04,0.878,0.35,5802.65,0,0
Arizona,Operations South,Tucson,AR Managed Group B,Reporting Pod 1,Tucson Pod 1,Dr. Bennett 2,Jordan Cooper,DEMO-001673,1.19,0.829,0.236,7437.06,0,0
Arizona,Operations South,Tucson,AR Managed Group B,Reporting Pod 1,Tucson Pod 1,Dr. Bennett 2,Taylor Cooper,DEMO-001674,1.39,0.872,0.401,7444.16,2,0
Arizona,Operations South,Tucson,AR Managed Group B,Reporting Pod 1,Tucson Pod 2,Dr. Wright 1,Rowan Hughes,DEMO-001675,1.32,0.901,0.5,5611.8,0,0
Arizona,Operations South,Tucson,AR Managed Group B,Reporting Pod 1,Tucson Pod 2,Dr. Wright 1,Harper Carter,DEMO-001676,1.41,0.635,0.558,12337.64,0,0
Arizona,Operations South,Tucson,AR Managed Group B,Reporting Pod 1,Tucson Pod 2,Dr. Wright 1,Jordan Santos,DEMO-001677,1.02,0.9,0.266,7001.16,1,0
Arizona,Operations South,Tucson,AR Managed Group B,Reporting Pod 1,Tucson Pod 2,Dr. Wright 1,Harper Wright,DEMO-001678,1.5,0.961,0.216,2859.52,1,0
Arizona,Operations South,Tucson,AR Managed Group B,Reporting Pod 1,Tucson Pod 2,Dr. Wright 1,Morgan Shah,DEMO-001679,0.65,0.901,0.234,2917.95,0,0
Arizona,Operations South,Tucson,AR Managed Group B,Reporting Pod 1,Tucson Pod 2,Dr. Wright 1,Riley Carter,DEMO-001680,0.81,0.952,0.208,4061.74,1,1
Arizona,Operations South,Tucson,AR Managed Group B,Reporting Pod 1,Tucson Pod 2,Dr. Wright 1,Casey Ali,DEMO-001681,1.84,0.728,0.673,12585.96,2,1
Arizona,Operations South,Tucson,AR Managed Group B,Reporting Pod 1,Tucson Pod 2,Dr. Wright 1,Harper Chen,DEMO-001682,0.94,1.0,0.13,2115.85,1,0
Arizona,Operations South,Tucson,AR Managed Group B,Reporting Pod 1,Tucson Pod 2,Dr. Wright 1,Morgan Cooper,DEMO-001683,1.37,0.747,0.567,3684.97,5,0
Arizona,Operations South,Tucson,AR Managed Group B,Reporting Pod 1,Tucson Pod 2,Dr. Santos 2,Harper Wright,DEMO-001684,1.12,0.617,0.377,22045.66,1,0
Arizona,Operations South,Tucson,AR Managed Group B,Reporting Pod 1,Tucson Pod 2,Dr. Santos 2,Jordan Hughes,DEMO-001685,1.14,0.677,0.183,9791.69,0,0
Arizona,Operations South,Tucson,AR Managed Group B,Reporting Pod 1,Tucson Pod 2,Dr. Santos 2,Kai Morales,DEMO-001686,1.42,0.524,0.499,9648.29,0,0
Arizona,Operations South,Tucson,AR Managed Group B,Reporting Pod 1,Tucson Pod 2,Dr. Santos 2,Reese Shah,DEMO-001687,1.6,0.566,0.509,21540.91,2,0
Arizona,Operations South,Tucson,AR Managed Group B,Reporting Pod 1,Tucson Pod 2,Dr. Santos 2,Avery Chen,DEMO-001688,1.56,0.721,0.407,7859.49,0,1
Arizona,Operations South,Tucson,AR Managed Group B,Reporting Pod 1,Tucson Pod 2,Dr. Santos 2,Jordan Hughes,DEMO-001689,0.76,0.761,0.529,10067.74,1,2
Arizona,Operations South,Tucson,AR Managed Group B,Reporting Pod 1,Tucson Pod 2,Dr. Santos 2,Alex Wright,DEMO-001690,1.19,0.668,0.49,10976.83,0,0
Arizona,Operations South,Tucson,AR Managed Group B,Reporting Pod 1,Tucson Pod 2,Dr. Santos 2,Quinn Patel,DEMO-001691,0.69,0.942,0.206,4025.23,2,0
Arizona,Operations South,Tucson,AR Managed Group B,Reporting Pod 1,Tucson Pod 2,Dr. Santos 2,Reese Santos,DEMO-001692,1.29,0.973,0.38,13075.6,1,0
Arizona,Operations South,Tucson,AR Managed Group B,Reporting Pod 2,Tucson Pod 1,Dr. Foster 1,Reese Santos,DEMO-001693,0.79,0.745,0.212,8984.19,0,0
Arizona,Operations South,Tucson,AR Managed Group B,Reporting Pod 2,Tucson Pod 1,Dr. Foster 1,Jordan Turner,DEMO-001694,1.24,0.827,0.323,8285.79,2,0
Arizona,Operations South,Tucson,AR Managed Group B,Reporting Pod 2,Tucson Pod 1,Dr. Foster 1,Emerson Santos,DEMO-001695,1.18,0.754,0.425,2749.4,0,1
Arizona,Operations South,Tucson,AR Managed Group B,Reporting Pod 2,Tucson Pod 1,Dr. Foster 1,Harper Chen,DEMO-001696,1.18,0.884,0.088,7065.79,0,0
Arizona,Operations South,Tucson,AR Managed Group B,Reporting Pod 2,Tucson Pod 1,Dr. Foster 1,Parker Chen,DEMO-001697,1.86,0.771,0.874,19531.67,3,0
Arizona,Operations South,Tucson,AR Managed Group B,Reporting Pod 2,Tucson Pod 1,Dr. Foster 1,Alex Santos,DEMO-001698,1.03,0.937,0.191,5068.98,0,0
Arizona,Operations South,Tucson,AR Managed Group B,Reporting Pod 2,Tucson Pod 1,Dr. Foster 1,Casey Carter,DEMO-001699,0.96,0.798,0.326,2444.69,0,0
Arizona,Operations South,Tucson,AR Managed Group B,Reporting Pod 2,Tucson Pod 1,Dr. Foster 1,Parker Chen,DEMO-001700,0.78,0.777,0.099,3803.79,0,0
Arizona,Operations South,Tucson,AR Managed Group B,Reporting Pod 2,Tucson Pod 1,Dr. Foster 1,Drew Brooks,DEMO-001701,1.12,0.932,0.272,9511.74,0,0
Arizona,Operations South,Tucson,AR Managed Group B,Reporting Pod 2,Tucson Pod 1,Dr. Chen 2,Harper Wright,DEMO-001702,1.06,0.575,0.121,2689.42,1,0
Arizona,Operations South,Tucson,AR Managed Group B,Reporting Pod 2,Tucson Pod 1,Dr. Chen 2,Taylor Shah,DEMO-001703,1.45,0.616,0.442,4930.62,1,0
Arizona,Operations South,Tucson,AR Managed Group B,Reporting Pod 2,Tucson Pod 1,Dr. Chen 2,Avery Carter,DEMO-001704,1.05,0.716,0.482,10944.5,1,0
Arizona,Operations South,Tucson,AR Managed Group B,Reporting Pod 2,Tucson Pod 1,Dr. Chen 2,Emerson Cooper,DEMO-001705,1.07,0.873,0.404,9550.67,1,0
Arizona,Operations South,Tucson,AR Managed Group B,Reporting Pod 2,Tucson Pod 1,Dr. Chen 2,Rowan Ali,DEMO-001706,1.06,1.0,0.109,2669.2,1,0
Arizona,Operations South,Tucson,AR Managed Group B,Reporting Pod 2,Tucson Pod 1,Dr. Chen 2,Casey Santos,DEMO-001707,1.46,0.866,0.239,1969.81,2,0
Arizona,Operations South,Tucson,AR Managed Group B,Reporting Pod 2,Tucson Pod 1,Dr. Chen 2,Blake Santos,DEMO-001708,1.16,0.794,0.261,5137.74,1,0
Arizona,Operations South,Tucson,AR Managed Group B,Reporting Pod 2,Tucson Pod 1,Dr. Chen 2,Morgan Foster,DEMO-001709,1.49,0.876,0.143,24715.77,2,0
Arizona,Operations South,Tucson,AR Managed Group B,Reporting Pod 2,Tucson Pod 1,Dr. Chen 2,Rowan Hughes,DEMO-001710,1.44,0.778,0.556,7002.58,0,0
Arizona,Operations South,Tucson,AR Managed Group B,Reporting Pod 2,Tucson Pod 2,Dr. Cooper 1,Quinn Santos,DEMO-001711,1.33,0.703,0.397,11295.75,2,0
Arizona,Operations South,Tucson,AR Managed Group B,Reporting Pod 2,Tucson Pod 2,Dr. Cooper 1,Casey Wright,DEMO-001712,1.52,1.0,0.258,4186.21,0,0
Arizona,Operations South,Tucson,AR Managed Group B,Reporting Pod 2,Tucson Pod 2,Dr. Cooper 1,Jordan Hughes,DEMO-001713,0.84,0.97,0.228,3782.53,0,2
Arizona,Operations South,Tucson,AR Managed Group B,Reporting Pod 2,Tucson Pod 2,Dr. Cooper 1,Alex Cooper,DEMO-001714,1.51,0.754,0.464,11382.74,0,1
Arizona,Operations South,Tucson,AR Managed Group B,Reporting Pod 2,Tucson Pod 2,Dr. Cooper 1,Rowan Foster,DEMO-001715,0.91,0.896,0.108,4251.23,3,0
Arizona,Operations South,Tucson,AR Managed Group B,Reporting Pod 2,Tucson Pod 2,Dr. Cooper 1,Avery Turner,DEMO-001716,1.39,0.958,0.211,1876.32,2,1
Arizona,Operations South,Tucson,AR Managed Group B,Reporting Pod 2,Tucson Pod 2,Dr. Cooper 1,Blake Brooks,DEMO-001717,1.2,0.711,0.177,5973.34,0,1
Arizona,Operations South,Tucson,AR Managed Group B,Reporting Pod 2,Tucson Pod 2,Dr. Cooper 1,Parker Morales,DEMO-001718,1.29,0.946,0.241,19265.11,1,1
Arizona,Operations South,Tucson,AR Managed Group B,Reporting Pod 2,Tucson Pod 2,Dr. Cooper 1,Parker Patel,DEMO-001719,1.15,0.888,0.715,7848.15,0,1
Arizona,Operations South,Tucson,AR Managed Group B,Reporting Pod 2,Tucson Pod 2,Dr. Ali 2,Quinn Wright,DEMO-001720,0.91,0.683,0.296,4118.21,0,0
Arizona,Operations South,Tucson,AR Managed Group B,Reporting Pod 2,Tucson Pod 2,Dr. Ali 2,Drew Kim,DEMO-001721,1.4,0.82,0.584,7328.07,0,0
Arizona,Operations South,Tucson,AR Managed Group B,Reporting Pod 2,Tucson Pod 2,Dr. Ali 2,Reese Patel,DEMO-001722,1.15,0.409,0.672,26693.29,1,1
Arizona,Operations South,Tucson,AR Managed Group B,Reporting Pod 2,Tucson Pod 2,Dr. Ali 2,Blake Morales,DEMO-001723,1.41,0.607,0.649,11397.37,2,2
Arizona,Operations South,Tucson,AR Managed Group B,Reporting Pod 2,Tucson Pod 2,Dr. Ali 2,Parker Morales,DEMO-001724,1.43,0.794,0.688,13339.81,1,0
Arizona,Operations South,Tucson,AR Managed Group B,Reporting Pod 2,Tucson Pod 2,Dr. Ali 2,Parker Chen,DEMO-001725,0.92,0.726,0.318,5383.53,1,1
Arizona,Operations South,Tucson,AR Managed Group B,Reporting Pod 2,Tucson Pod 2,Dr. Ali 2,Emerson Kim,DEMO-001726,1.48,1.0,0.275,1773.49,0,0
Arizona,Operations South,Tucson,AR Managed Group B,Reporting Pod 2,Tucson Pod 2,Dr. Ali 2,Kai Chen,DEMO-001727,1.05,0.986,0.303,7283.52,0,0
Arizona,Operations South,Tucson,AR Managed Group B,Reporting Pod 2,Tucson Pod 2,Dr. Ali 2,Alex Cooper,DEMO-001728,1.46,0.819,0.248,3249.33,1,1
